#Organism Name,Organism Groups,Strain,BioSample,BioProject,Assembly,Level,Size(Mb),GC%,Replicons,WGS,Scaffolds,CDS,Release Date,GenBank FTP,RefSeq FTP
"Shewanella baltica OS678","Bacteria;Proteobacteria;Gammaproteobacteria","OS678","SAMN00016780","PRJNA47019","GCA_000178875.2","Complete",5.36877,46.276,"chromosome:NC_016901.1/CP002383.1; plasmid pSBAL67801:NC_016905.1/CP002384.1",,2,4433,"2010-12-21T00:00:00Z","ftp://ftp.ncbi.nlm.nih.gov/genomes/all/GCA/000/178/875/GCA_000178875.2_ASM17887v2","ftp://ftp.ncbi.nlm.nih.gov/genomes/all/GCF/000/178/875/GCF_000178875.2_ASM17887v2"
"Shewanella oneidensis MR-1","Bacteria;Proteobacteria;Gammaproteobacteria","MR-1","SAMN14968595","PRJNA633711","GCA_013267215.1"," Chromosome",4.97234,46,"chromosome:NZ_CP053946.1/CP053946.1",,1,4129,"2020-06-04T00:00:00Z","ftp://ftp.ncbi.nlm.nih.gov/genomes/all/GCA/013/267/215/GCA_013267215.1_ASM1326721v1","ftp://ftp.ncbi.nlm.nih.gov/genomes/all/GCF/013/267/215/GCF_013267215.1_ASM1326721v1"
"Shewanella amazonensis SB2B","Bacteria;Proteobacteria;Gammaproteobacteria","SB2B","SAMN02598298","PRJNA13385","GCA_000015245.1","Complete",4.30614,53.6,"chromosome:NC_008700.1/CP000507.1",,1,3655,"2006-12-21T00:00:00Z","ftp://ftp.ncbi.nlm.nih.gov/genomes/all/GCA/000/015/245/GCA_000015245.1_ASM1524v1","ftp://ftp.ncbi.nlm.nih.gov/genomes/all/GCF/000/015/245/GCF_000015245.1_ASM1524v1"
"Shewanella denitrificans OS217","Bacteria;Proteobacteria;Gammaproteobacteria","OS217","SAMN02598300","PRJNA13390","GCA_000013765.1","Complete",4.54591,45.1,"chromosome:NC_007954.1/CP000302.1",,1,3748,"2006-04-10T00:00:00Z","ftp://ftp.ncbi.nlm.nih.gov/genomes/all/GCA/000/013/765/GCA_000013765.1_ASM1376v1","ftp://ftp.ncbi.nlm.nih.gov/genomes/all/GCF/000/013/765/GCF_000013765.1_ASM1376v1"
"Shewanella frigidimarina NCIMB 400","Bacteria;Proteobacteria;Gammaproteobacteria","NCIMB 400","SAMN02598301","PRJNA13391","GCA_000014705.1","Complete",4.84526,41.6,"chromosome:NC_008345.1/CP000447.1",,1,3994,"2006-09-14T00:00:00Z","ftp://ftp.ncbi.nlm.nih.gov/genomes/all/GCA/000/014/705/GCA_000014705.1_ASM1470v1","ftp://ftp.ncbi.nlm.nih.gov/genomes/all/GCF/000/014/705/GCF_000014705.1_ASM1470v1"
"Shewanella loihica PV-4","Bacteria;Proteobacteria;Gammaproteobacteria","PV-4","SAMN00623064","PRJNA13906","GCA_000016065.1","Complete",4.60259,53.7,"chromosome:NC_009092.1/CP000606.1",,1,3891,"2007-03-07T00:00:00Z","ftp://ftp.ncbi.nlm.nih.gov/genomes/all/GCA/000/016/065/GCA_000016065.1_ASM1606v1","ftp://ftp.ncbi.nlm.nih.gov/genomes/all/GCF/000/016/065/GCF_000016065.1_ASM1606v1"
"Shewanella violacea DSS12","Bacteria;Proteobacteria;Gammaproteobacteria","DSS12","SAMD00060963","PRJDA34739","GCA_000091325.1","Complete",4.9621,44.7,"chromosome:NC_014012.1/AP011177.1",,1,3888,"2010-04-01T23:08:00Z","ftp://ftp.ncbi.nlm.nih.gov/genomes/all/GCA/000/091/325/GCA_000091325.1_ASM9132v1","ftp://ftp.ncbi.nlm.nih.gov/genomes/all/GCF/000/091/325/GCF_000091325.1_ASM9132v1"
"Shewanella pealeana ATCC 700345","Bacteria;Proteobacteria;Gammaproteobacteria","ATCC 700345","SAMN02598386","PRJNA17415","GCA_000018285.1","Complete",5.17458,44.7,"chromosome:NC_009901.1/CP000851.1",,1,4234,"2007-10-04T00:00:00Z","ftp://ftp.ncbi.nlm.nih.gov/genomes/all/GCA/000/018/285/GCA_000018285.1_ASM1828v1","ftp://ftp.ncbi.nlm.nih.gov/genomes/all/GCF/000/018/285/GCF_000018285.1_ASM1828v1"
"Shewanella woodyi ATCC 51908","Bacteria;Proteobacteria;Gammaproteobacteria","ATCC 51908","SAMN02598391","PRJNA17455","GCA_000019525.1","Complete",5.9354,43.7,"chromosome:NC_010506.1/CP000961.1",,1,4870,"2008-03-13T00:00:00Z","ftp://ftp.ncbi.nlm.nih.gov/genomes/all/GCA/000/019/525/GCA_000019525.1_ASM1952v1","ftp://ftp.ncbi.nlm.nih.gov/genomes/all/GCF/000/019/525/GCF_000019525.1_ASM1952v1"
"Shewanella piezotolerans WP3","Bacteria;Proteobacteria;Gammaproteobacteria","WP3","SAMN02603456","PRJNA17675","GCA_000014885.1","Complete",5.39648,43.3,"chromosome:NC_011566.1/CP000472.1",,1,4390,"2008-11-13T00:00:00Z","ftp://ftp.ncbi.nlm.nih.gov/genomes/all/GCA/000/014/885/GCA_000014885.1_ASM1488v1","ftp://ftp.ncbi.nlm.nih.gov/genomes/all/GCF/000/014/885/GCF_000014885.1_ASM1488v1"
"Shewanella sediminis HAW-EB3","Bacteria;Proteobacteria;Gammaproteobacteria","HAW-EB3","SAMN02598412","PRJNA18789","GCA_000018025.1","Complete",5.51767,46.1,"chromosome:NC_009831.1/CP000821.1",,1,4529,"2007-09-18T00:00:00Z","ftp://ftp.ncbi.nlm.nih.gov/genomes/all/GCA/000/018/025/GCA_000018025.1_ASM1802v1","ftp://ftp.ncbi.nlm.nih.gov/genomes/all/GCF/000/018/025/GCF_000018025.1_ASM1802v1"
"Shewanella halifaxensis HAW-EB4","Bacteria;Proteobacteria;Gammaproteobacteria","HAW-EB4","SAMN02598431","PRJNA20241","GCA_000019185.1","Complete",5.22692,44.6,"chromosome:NC_010334.1/CP000931.1",,1,4293,"2008-02-07T00:00:00Z","ftp://ftp.ncbi.nlm.nih.gov/genomes/all/GCA/000/019/185/GCA_000019185.1_ASM1918v1","ftp://ftp.ncbi.nlm.nih.gov/genomes/all/GCF/000/019/185/GCF_000019185.1_ASM1918v1"
"Shewanella benthica","Bacteria;Proteobacteria;Gammaproteobacteria","DSM 8812","SAMN16273954","PRJNA665917","GCA_015069875.1","Scaffold",4.03451,45.8,,"JADDKM01",46,3298,"2020-10-28T00:00:00Z","ftp://ftp.ncbi.nlm.nih.gov/genomes/all/GCA/015/069/875/GCA_015069875.1_ASM1506987v1","ftp://ftp.ncbi.nlm.nih.gov/genomes/all/GCF/015/069/875/GCF_015069875.1_ASM1506987v1"
"Shewanella sp. YLB-06","Bacteria;Proteobacteria;Gammaproteobacteria","YLB-06","SAMN12228833","PRJNA553076","GCA_007197555.1","Complete",6.4492,45.1,"chromosome:NZ_CP041614.1/CP041614.1",,1,5042,"2019-07-20T00:00:00Z","ftp://ftp.ncbi.nlm.nih.gov/genomes/all/GCA/007/197/555/GCA_007197555.1_ASM719755v1","ftp://ftp.ncbi.nlm.nih.gov/genomes/all/GCF/007/197/555/GCF_007197555.1_ASM719755v1"
"Shewanella waksmanii ATCC BAA-643","Bacteria;Proteobacteria;Gammaproteobacteria","ATCC BAA-643","SAMN02584962","PRJNA204050","GCA_000518805.1","Scaffold",4.97148,45.3,,"JAEH01",82,4266,"2014-01-10T00:00:00Z","ftp://ftp.ncbi.nlm.nih.gov/genomes/all/GCA/000/518/805/GCA_000518805.1_ASM51880v1","ftp://ftp.ncbi.nlm.nih.gov/genomes/all/GCF/000/518/805/GCF_000518805.1_ASM51880v1"
"Shewanella colwelliana","Bacteria;Proteobacteria;Gammaproteobacteria","CSB03KR","SAMN05384437","PRJNA328548","GCA_001735525.1","Scaffold",4.64254,45.3,,"MCBT01",52,3999,"2016-09-19T00:00:00Z","ftp://ftp.ncbi.nlm.nih.gov/genomes/all/GCA/001/735/525/GCA_001735525.1_ASM173552v1","ftp://ftp.ncbi.nlm.nih.gov/genomes/all/GCF/001/735/525/GCF_001735525.1_ASM173552v1"
"Shewanella fidelis ATCC BAA-318","Bacteria;Proteobacteria;Gammaproteobacteria","ATCC BAA-318","SAMN02584974","PRJNA204111","GCA_000518605.1","Scaffold",4.79869,42.8,,"JADX01",27,4058,"2014-01-10T00:00:00Z","ftp://ftp.ncbi.nlm.nih.gov/genomes/all/GCA/000/518/605/GCA_000518605.1_ASM51860v1","ftp://ftp.ncbi.nlm.nih.gov/genomes/all/GCF/000/518/605/GCF_000518605.1_ASM51860v1"
"Shewanella decolorationis","Bacteria;Proteobacteria;Gammaproteobacteria","sesselensis","SAMN10916473","PRJNA521852","GCA_004354305.1"," Chromosome",4.71936,47.1,"chromosome:NZ_CP037898.1/CP037898.1",,1,4016,"2019-03-18T00:00:00Z","ftp://ftp.ncbi.nlm.nih.gov/genomes/all/GCA/004/354/305/GCA_004354305.1_ASM435430v1","ftp://ftp.ncbi.nlm.nih.gov/genomes/all/GCF/004/354/305/GCF_004354305.1_ASM435430v1"
"Shewanella marina JCM 15074","Bacteria;Proteobacteria;Gammaproteobacteria","JCM 15074","SAMD00011086","PRJDB631","GCA_000614975.1","Contig",4.42465,40.4,,"BALM01",75,3476,"2014-03-31T21:11:00Z","ftp://ftp.ncbi.nlm.nih.gov/genomes/all/GCA/000/614/975/GCA_000614975.1_ASM61497v1","ftp://ftp.ncbi.nlm.nih.gov/genomes/all/GCF/000/614/975/GCF_000614975.1_ASM61497v1"
"Shewanella xiamenensis","Bacteria;Proteobacteria;Gammaproteobacteria","DCB2-1","SAMN09197335","PRJNA471023","GCA_003130545.1","Contig",4.73663,46.3,,"QFLG01",100,3992,"2018-05-16T00:00:00Z","ftp://ftp.ncbi.nlm.nih.gov/genomes/all/GCA/003/130/545/GCA_003130545.1_ASM313054v1","ftp://ftp.ncbi.nlm.nih.gov/genomes/all/GCF/003/130/545/GCF_003130545.1_ASM313054v1"
"Shewanella mangrovi","Bacteria;Proteobacteria;Gammaproteobacteria","YQH10","SAMN02887322","PRJNA253757","GCA_000753795.1","Contig",4.21579,48.1,,"JPEO01",49,3683,"2014-09-10T00:00:00Z","ftp://ftp.ncbi.nlm.nih.gov/genomes/all/GCA/000/753/795/GCA_000753795.1_ASM75379v1","ftp://ftp.ncbi.nlm.nih.gov/genomes/all/GCF/000/753/795/GCF_000753795.1_ASM75379v1"
"Shewanella morhuae","Bacteria;Proteobacteria;Gammaproteobacteria","CW7","SAMN08793905","PRJNA445597","GCA_003028295.1","Contig",4.2857,43.9814,"plasmid pWMBT7:NZ_CM009684.1/CM009684.1","PYSG01",3,3492,"2018-04-01T00:00:00Z","ftp://ftp.ncbi.nlm.nih.gov/genomes/all/GCA/003/028/295/GCA_003028295.1_ASM302829v1","ftp://ftp.ncbi.nlm.nih.gov/genomes/all/GCF/003/028/295/GCF_003028295.1_ASM302829v1"
"Shewanella psychrophila","Bacteria;Proteobacteria;Gammaproteobacteria","WP2","SAMN04370084","PRJNA306925","GCA_002005305.1","Complete",6.35341,44.3,"chromosome:NZ_CP014782.1/CP014782.1",,1,5275,"2017-02-21T00:00:00Z","ftp://ftp.ncbi.nlm.nih.gov/genomes/all/GCA/002/005/305/GCA_002005305.1_ASM200530v1","ftp://ftp.ncbi.nlm.nih.gov/genomes/all/GCF/002/005/305/GCF_002005305.1_ASM200530v1"
"Shewanella japonica","Bacteria;Proteobacteria;Gammaproteobacteria","KCTC 22435","SAMN06628905","PRJNA380174","GCA_002075795.1","Complete",4.97568,40.8,"chromosome:NZ_CP020472.1/CP020472.1",,1,4051,"2017-03-31T00:00:00Z","ftp://ftp.ncbi.nlm.nih.gov/genomes/all/GCA/002/075/795/GCA_002075795.1_ASM207579v1","ftp://ftp.ncbi.nlm.nih.gov/genomes/all/GCF/002/075/795/GCF_002075795.1_ASM207579v1"
"Shewanella marisflavi","Bacteria;Proteobacteria;Gammaproteobacteria","EP1","SAMN07296262","PRJNA392357","GCA_002215585.1","Complete",4.32145,50,"chromosome:NZ_CP022272.1/CP022272.1",,1,3650,"2017-07-06T00:00:00Z","ftp://ftp.ncbi.nlm.nih.gov/genomes/all/GCA/002/215/585/GCA_002215585.1_ASM221558v1","ftp://ftp.ncbi.nlm.nih.gov/genomes/all/GCF/002/215/585/GCF_002215585.1_ASM221558v1"
"Shewanella bicestrii","Bacteria;Proteobacteria;Gammaproteobacteria","JAB-1","SAMN07326684","PRJNA393250","GCA_002216875.1","Complete",5.00441,48.1317,"chromosome:NZ_CP022358.1/CP022358.1; plasmid pSHE-2:NZ_CP022360.1/CP022360.1; plasmid pSHE-CTX-M:NZ_CP022359.1/CP022359.1",,3,4225,"2017-07-12T00:00:00Z","ftp://ftp.ncbi.nlm.nih.gov/genomes/all/GCA/002/216/875/GCA_002216875.1_ASM221687v1","ftp://ftp.ncbi.nlm.nih.gov/genomes/all/GCF/002/216/875/GCF_002216875.1_ASM221687v1"
"Shewanella carassii","Bacteria;Proteobacteria;Gammaproteobacteria","08MAS2251","SAMN07080850","PRJNA386591","GCA_002777975.1","Scaffold",4.37529,52.7,,"NGVS01",46,3800,"2017-11-16T00:00:00Z","ftp://ftp.ncbi.nlm.nih.gov/genomes/all/GCA/002/777/975/GCA_002777975.1_ASM277797v1","ftp://ftp.ncbi.nlm.nih.gov/genomes/all/GCF/002/777/975/GCF_002777975.1_ASM277797v1"
"Shewanella chilikensis","Bacteria;Proteobacteria;Gammaproteobacteria","JC5","SAMN07175131","PRJNA388331","GCA_002836945.1","Scaffold",4.39914,52.4,,"NIJM01",114,3834,"2017-12-12T00:00:00Z","ftp://ftp.ncbi.nlm.nih.gov/genomes/all/GCA/002/836/945/GCA_002836945.1_ASM283694v1","ftp://ftp.ncbi.nlm.nih.gov/genomes/all/GCF/002/836/945/GCF_002836945.1_ASM283694v1"
"Shewanella indica","Bacteria;Proteobacteria;Gammaproteobacteria","KJW27","SAMN07175133","PRJNA388331","GCA_002836975.1","Scaffold",4.40281,52.4,,"NIJK01",55,3782,"2017-12-12T00:00:00Z","ftp://ftp.ncbi.nlm.nih.gov/genomes/all/GCA/002/836/975/GCA_002836975.1_ASM283697v1","ftp://ftp.ncbi.nlm.nih.gov/genomes/all/GCF/002/836/975/GCF_002836975.1_ASM283697v1"
"Shewanella algidipiscicola","Bacteria;Proteobacteria;Gammaproteobacteria","1Shewanella algidipiscicola H1","SAMEA4591064","PRJEB24924","GCA_900380485.1","Contig",4.13838,46.6,,"OXJV01",22,3480,"2018-06-04T00:00:00Z","ftp://ftp.ncbi.nlm.nih.gov/genomes/all/GCA/900/380/485/GCA_900380485.1_ERP106791_PRJEB24924","ftp://ftp.ncbi.nlm.nih.gov/genomes/all/GCF/900/380/485/GCF_900380485.1_ERP106791_PRJEB24924"
"Shewanella corallii","Bacteria;Proteobacteria;Gammaproteobacteria","A687","SAMN09745125","PRJNA483764","GCA_003353085.1","Contig",5.21504,50.3,,"QRCS01",284,4544,"2018-08-01T00:00:00Z","ftp://ftp.ncbi.nlm.nih.gov/genomes/all/GCA/003/353/085/GCA_003353085.1_ASM335308v1","ftp://ftp.ncbi.nlm.nih.gov/genomes/all/GCF/003/353/085/GCF_003353085.1_ASM335308v1"
"Shewanella vesiculosa","Bacteria;Proteobacteria;Gammaproteobacteria","LMG 24424","SAMN10397593","PRJNA504720","GCA_003797885.1","Scaffold",4.72264,41.7,,"RKKD01",45,3920,"2018-11-19T00:00:00Z","ftp://ftp.ncbi.nlm.nih.gov/genomes/all/GCA/003/797/885/GCA_003797885.1_ASM379788v1","ftp://ftp.ncbi.nlm.nih.gov/genomes/all/GCF/003/797/885/GCF_003797885.1_ASM379788v1"
"Shewanella livingstonensis","Bacteria;Proteobacteria;Gammaproteobacteria","LMG 19866","SAMN10397595","PRJNA504722","GCA_003855395.1","Complete",4.83988,41.1,"chromosome:NZ_CP034015.1/CP034015.1",,1,3994,"2018-12-02T00:00:00Z","ftp://ftp.ncbi.nlm.nih.gov/genomes/all/GCA/003/855/395/GCA_003855395.1_ASM385539v1","ftp://ftp.ncbi.nlm.nih.gov/genomes/all/GCF/003/855/395/GCF_003855395.1_ASM385539v1"
"Shewanella canadensis","Bacteria;Proteobacteria;Gammaproteobacteria","HAW-EB2","SAMN10599935","PRJNA510207","GCA_003966225.1","Contig",5.67692,45.8,,"RXNU01",60,4733,"2018-12-23T00:00:00Z","ftp://ftp.ncbi.nlm.nih.gov/genomes/all/GCA/003/966/225/GCA_003966225.1_ASM396622v1","ftp://ftp.ncbi.nlm.nih.gov/genomes/all/GCF/003/966/225/GCF_003966225.1_ASM396622v1"
"Shewanella atlantica","Bacteria;Proteobacteria;Gammaproteobacteria","HAW-EB5","SAMN10599942","PRJNA510208","GCA_003966265.1","Scaffold",5.39213,45.8,,"RXNV01",47,4442,"2018-12-23T00:00:00Z","ftp://ftp.ncbi.nlm.nih.gov/genomes/all/GCA/003/966/265/GCA_003966265.1_ASM396626v1","ftp://ftp.ncbi.nlm.nih.gov/genomes/all/GCF/003/966/265/GCF_003966265.1_ASM396626v1"
"Shewanella fodinae","Bacteria;Proteobacteria;Gammaproteobacteria","74A","SAMN10362874","PRJNA500376","GCA_004342405.1","Scaffold",4.03497,49,,"SLWF01",91,3548,"2019-03-11T00:00:00Z","ftp://ftp.ncbi.nlm.nih.gov/genomes/all/GCA/004/342/405/GCA_004342405.1_ASM434240v1","ftp://ftp.ncbi.nlm.nih.gov/genomes/all/GCF/004/342/405/GCF_004342405.1_ASM434240v1"
"Shewanella hanedai","Bacteria;Proteobacteria;Gammaproteobacteria","JCM 20706","SAMN12272628","PRJNA554513","GCA_007197645.1","Contig",5.93903,43,,"VKGK01",86,4900,"2019-07-20T00:00:00Z","ftp://ftp.ncbi.nlm.nih.gov/genomes/all/GCA/007/197/645/GCA_007197645.1_ASM719764v1","ftp://ftp.ncbi.nlm.nih.gov/genomes/all/GCF/007/197/645/GCF_007197645.1_ASM719764v1"
"Shewanella donghaensis","Bacteria;Proteobacteria;Gammaproteobacteria","LT17","SAMN12340636","PRJNA556082","GCA_007567505.1","Complete",4.91277,40.2,"chromosome:NZ_CP041783.1/CP041783.1",,1,4007,"2019-07-29T00:00:00Z","ftp://ftp.ncbi.nlm.nih.gov/genomes/all/GCA/007/567/505/GCA_007567505.1_ASM756750v1","ftp://ftp.ncbi.nlm.nih.gov/genomes/all/GCF/007/567/505/GCF_007567505.1_ASM756750v1"
"Shewanella maritima","Bacteria;Proteobacteria;Gammaproteobacteria","D4-2","SAMN10928316","PRJNA522310","GCA_004295345.1","Complete",4.71801,44.5,"chromosome:NZ_CP036200.1/CP036200.1",,1,3762,"2019-02-25T00:00:00Z","ftp://ftp.ncbi.nlm.nih.gov/genomes/all/GCA/004/295/345/GCA_004295345.1_ASM429534v1","ftp://ftp.ncbi.nlm.nih.gov/genomes/all/GCF/004/295/345/GCF_004295345.1_ASM429534v1"
"Shewanella litoralis","Bacteria;Proteobacteria;Gammaproteobacteria","JCM 32306","SAMD00245336","PRJDB10510","GCA_014648335.1","Scaffold",4.60151,42.8,,"BMQX01",101,3864,"2020-09-11T00:00:00Z","ftp://ftp.ncbi.nlm.nih.gov/genomes/all/GCA/014/648/335/GCA_014648335.1_ASM1464833v1","ftp://ftp.ncbi.nlm.nih.gov/genomes/all/GCF/014/648/335/GCF_014648335.1_ASM1464833v1"
"Shewanella hafniensis","Bacteria;Proteobacteria;Gammaproteobacteria","T2.3D-1.1","SAMEA6455789","PRJEB35936","GCA_902728295.3","Contig",4.67945,44.4,,"CACVBT03",107,4068,"2020-01-18T00:00:00Z","ftp://ftp.ncbi.nlm.nih.gov/genomes/all/GCA/902/728/295/GCA_902728295.3_T2.3D-1.1_strain",
"Shewanella polaris","Bacteria;Proteobacteria;Gammaproteobacteria","SM1901","SAMN12027935","PRJNA548024","GCA_006385555.1","Complete",4.64854,40.5,"chromosome:NZ_CP041036.1/CP041036.1",,1,3857,"2019-06-23T00:00:00Z","ftp://ftp.ncbi.nlm.nih.gov/genomes/all/GCA/006/385/555/GCA_006385555.1_ASM638555v1","ftp://ftp.ncbi.nlm.nih.gov/genomes/all/GCF/006/385/555/GCF_006385555.1_ASM638555v1"
"Shewanella aestuarii","Bacteria;Proteobacteria;Gammaproteobacteria","JCM 17801","SAMD00245266","PRJDB10510","GCA_014647215.1","Contig",3.884,41.3,,"BMOT01",27,3297,"2020-09-11T00:00:00Z","ftp://ftp.ncbi.nlm.nih.gov/genomes/all/GCA/014/647/215/GCA_014647215.1_ASM1464721v1","ftp://ftp.ncbi.nlm.nih.gov/genomes/all/GCF/014/647/215/GCF_014647215.1_ASM1464721v1"
"Shewanella khirikhana","Bacteria;Proteobacteria;Gammaproteobacteria","TH2012","SAMN06480555","PRJNA378141","GCA_003957745.1","Complete",4.859,54.8295,"chromosome:NZ_CP020373.1/CP020373.1; plasmid pSTH1:NZ_CP020374.1/CP020374.1",,2,4094,"2018-12-21T00:00:00Z","ftp://ftp.ncbi.nlm.nih.gov/genomes/all/GCA/003/957/745/GCA_003957745.1_ASM395774v1","ftp://ftp.ncbi.nlm.nih.gov/genomes/all/GCF/003/957/745/GCF_003957745.1_ASM395774v1"
"Shewanella insulae","Bacteria;Proteobacteria;Gammaproteobacteria","JBTF-M18","SAMN13419690","PRJNA592290","GCA_009831655.1","Contig",4.67254,52.9,,"WRPA01",51,3919,"2020-01-06T00:00:00Z","ftp://ftp.ncbi.nlm.nih.gov/genomes/all/GCA/009/831/655/GCA_009831655.1_ASM983165v1","ftp://ftp.ncbi.nlm.nih.gov/genomes/all/GCF/009/831/655/GCF_009831655.1_ASM983165v1"
"Shewanella inventionis","Bacteria;Proteobacteria;Gammaproteobacteria","CGMCC 1.15339","SAMD00245043","PRJDB10509","GCA_014641855.1","Scaffold",4.9615,42.1,,"BMII01",135,4168,"2020-09-11T00:00:00Z","ftp://ftp.ncbi.nlm.nih.gov/genomes/all/GCA/014/641/855/GCA_014641855.1_ASM1464185v1","ftp://ftp.ncbi.nlm.nih.gov/genomes/all/GCF/014/641/855/GCF_014641855.1_ASM1464185v1"
"Shewanella gelidii","Bacteria;Proteobacteria;Gammaproteobacteria","JCM 30804","SAMD00245304","PRJDB10510","GCA_014647855.1","Scaffold",3.90484,44.2,,"BMPZ01",38,3339,"2020-09-11T00:00:00Z","ftp://ftp.ncbi.nlm.nih.gov/genomes/all/GCA/014/647/855/GCA_014647855.1_ASM1464785v1","ftp://ftp.ncbi.nlm.nih.gov/genomes/all/GCF/014/647/855/GCF_014647855.1_ASM1464785v1"
"Shewanella algicola","Bacteria;Proteobacteria;Gammaproteobacteria","JCM 31091","SAMD00245314","PRJDB10510","GCA_014648035.1","Contig",4.93824,42.3,,"BMQI01",175,4233,"2020-09-11T00:00:00Z","ftp://ftp.ncbi.nlm.nih.gov/genomes/all/GCA/014/648/035/GCA_014648035.1_ASM1464803v1","ftp://ftp.ncbi.nlm.nih.gov/genomes/all/GCF/014/648/035/GCF_014648035.1_ASM1464803v1"
"Shewanella saliphila","Bacteria;Proteobacteria;Gammaproteobacteria","JCM 32304","SAMD00245334","PRJDB10510","GCA_014648295.1","Scaffold",4.62135,42.5,,"BMQV01",126,3910,"2020-09-11T00:00:00Z","ftp://ftp.ncbi.nlm.nih.gov/genomes/all/GCA/014/648/295/GCA_014648295.1_ASM1464829v1","ftp://ftp.ncbi.nlm.nih.gov/genomes/all/GCF/014/648/295/GCF_014648295.1_ASM1464829v1"
"Shewanella ulleungensis","Bacteria;Proteobacteria;Gammaproteobacteria","JCM 32305","SAMD00245335","PRJDB10510","GCA_014648315.1","Contig",4.63752,41.4,,"BMQW01",44,3884,"2020-09-11T00:00:00Z","ftp://ftp.ncbi.nlm.nih.gov/genomes/all/GCA/014/648/315/GCA_014648315.1_ASM1464831v1","ftp://ftp.ncbi.nlm.nih.gov/genomes/all/GCF/014/648/315/GCF_014648315.1_ASM1464831v1"
"Shewanella aestuarii","Bacteria;Proteobacteria;Gammaproteobacteria","PN3F2","SAMN14403888","PRJNA613404","GCA_011765625.1","Complete",4.47286,40.931,"chromosome PN3F2:NZ_CP050313.1/CP050313.1; plasmid pPN3F2_1:NZ_CP050314.1/CP050314.1; plasmid pPN3F2_2:NZ_CP050315.1/CP050315.1",,3,3618,"2020-03-29T00:00:00Z","ftp://ftp.ncbi.nlm.nih.gov/genomes/all/GCA/011/765/625/GCA_011765625.1_ASM1176562v1","ftp://ftp.ncbi.nlm.nih.gov/genomes/all/GCF/011/765/625/GCF_011765625.1_ASM1176562v1"
"Shewanella litoralis","Bacteria;Proteobacteria;Gammaproteobacteria","JCM 32306","SAMN13555584","PRJNA595446","GCA_009828585.1","Scaffold",4.64214,42.8,,"WSRZ01",187,3886,"2020-01-03T00:00:00Z","ftp://ftp.ncbi.nlm.nih.gov/genomes/all/GCA/009/828/585/GCA_009828585.1_ASM982858v1","ftp://ftp.ncbi.nlm.nih.gov/genomes/all/GCF/009/828/585/GCF_009828585.1_ASM982858v1"
"Shewanella hanedai","Bacteria;Proteobacteria;Gammaproteobacteria","JCM 20706","SAMD00245285","PRJDB10510","GCA_014647575.1","Scaffold",5.92404,43,,"BMPL01",112,4886,"2020-09-11T00:00:00Z","ftp://ftp.ncbi.nlm.nih.gov/genomes/all/GCA/014/647/575/GCA_014647575.1_ASM1464757v1","ftp://ftp.ncbi.nlm.nih.gov/genomes/all/GCF/014/647/575/GCF_014647575.1_ASM1464757v1"
"Shewanella fodinae","Bacteria;Proteobacteria;Gammaproteobacteria","KCTC 22506","SAMD00245592","PRJDB10508","GCA_014651955.1","Contig",3.90572,48.6,,"BMXW01",50,3468,"2020-09-11T00:00:00Z","ftp://ftp.ncbi.nlm.nih.gov/genomes/all/GCA/014/651/955/GCA_014651955.1_ASM1465195v1","ftp://ftp.ncbi.nlm.nih.gov/genomes/all/GCF/014/651/955/GCF_014651955.1_ASM1465195v1"
"Shewanella vesiculosa","Bacteria;Proteobacteria;Gammaproteobacteria","CG_2015-08_42_61","SAMN13287339","PRJNA405969","GCA_009994065.1","Scaffold",4.46345,41.6,,"JAACSD01",30,3714,"2020-01-29T00:00:00Z","ftp://ftp.ncbi.nlm.nih.gov/genomes/all/GCA/009/994/065/GCA_009994065.1_ASM999406v1",
"Shewanella algidipiscicola","Bacteria;Proteobacteria;Gammaproteobacteria","LMG 23746","SAMN09700386","PRJNA482214","GCA_003605125.1","Contig",4.20333,46.6,,"QPQT01",38,3593,"2018-10-01T00:00:00Z","ftp://ftp.ncbi.nlm.nih.gov/genomes/all/GCA/003/605/125/GCA_003605125.1_ASM360512v1","ftp://ftp.ncbi.nlm.nih.gov/genomes/all/GCF/003/605/125/GCF_003605125.1_ASM360512v1"
"Shewanella indica","Bacteria;Proteobacteria;Gammaproteobacteria","KCTC 23171","SAMD00245601","PRJDB10508","GCA_014652115.1","Scaffold",4.39691,52.4,,"BMYE01",67,3786,"2020-09-11T00:00:00Z","ftp://ftp.ncbi.nlm.nih.gov/genomes/all/GCA/014/652/115/GCA_014652115.1_ASM1465211v1","ftp://ftp.ncbi.nlm.nih.gov/genomes/all/GCF/014/652/115/GCF_014652115.1_ASM1465211v1"
"Shewanella chilikensis","Bacteria;Proteobacteria;Gammaproteobacteria","DC57","SAMN13198336","PRJNA587689","GCA_011106835.1","Complete",4.91043,52.4,"chromosome:NZ_CP045857.1/CP045857.1",,1,4185,"2020-03-10T00:00:00Z","ftp://ftp.ncbi.nlm.nih.gov/genomes/all/GCA/011/106/835/GCA_011106835.1_ASM1110683v1","ftp://ftp.ncbi.nlm.nih.gov/genomes/all/GCF/011/106/835/GCF_011106835.1_ASM1110683v1"
"Shewanella carassii","Bacteria;Proteobacteria;Gammaproteobacteria","CGMCC 1.16033","SAMD00245107","PRJDB10509","GCA_014644375.1","Scaffold",4.37058,52.7,,"BMKO01",38,3806,"2020-09-11T00:00:00Z","ftp://ftp.ncbi.nlm.nih.gov/genomes/all/GCA/014/644/375/GCA_014644375.1_ASM1464437v1","ftp://ftp.ncbi.nlm.nih.gov/genomes/all/GCF/014/644/375/GCF_014644375.1_ASM1464437v1"
"Shewanella marisflavi","Bacteria;Proteobacteria;Gammaproteobacteria","ECSMB14101","SAMN11840576","PRJNA544427","GCA_006494755.1","Complete",4.34349,49.9,"chromosome:NZ_CP041153.1/CP041153.1",,1,3651,"2019-06-27T00:00:00Z","ftp://ftp.ncbi.nlm.nih.gov/genomes/all/GCA/006/494/755/GCA_006494755.1_ASM649475v1","ftp://ftp.ncbi.nlm.nih.gov/genomes/all/GCF/006/494/755/GCF_006494755.1_ASM649475v1"
"Shewanella japonica","Bacteria;Proteobacteria;Gammaproteobacteria","KCTC 12235","SAMN09700398","PRJNA482218","GCA_003605145.1","Contig",4.83139,40.7,,"QPQU01",41,4017,"2018-10-01T00:00:00Z","ftp://ftp.ncbi.nlm.nih.gov/genomes/all/GCA/003/605/145/GCA_003605145.1_ASM360514v1","ftp://ftp.ncbi.nlm.nih.gov/genomes/all/GCF/003/605/145/GCF_003605145.1_ASM360514v1"
"Shewanella morhuae","Bacteria;Proteobacteria;Gammaproteobacteria","ATCC BAA-1205","SAMN05421840","PRJEB18895","GCA_900156405.1","Scaffold",4.19037,44,,"FTNN01",32,3480,"2017-01-14T00:00:00Z","ftp://ftp.ncbi.nlm.nih.gov/genomes/all/GCA/900/156/405/GCA_900156405.1_IMG-taxon_2681812898_annotated_assembly","ftp://ftp.ncbi.nlm.nih.gov/genomes/all/GCF/900/156/405/GCF_900156405.1_IMG-taxon_2681812898_annotated_assembly"
"Shewanella xiamenensis","Bacteria;Proteobacteria;Gammaproteobacteria","JCM 16212","SAMD00245260","PRJDB10510","GCA_014647135.1","Contig",4.60067,46.3,,"BMOP01",68,3861,"2020-09-11T00:00:00Z","ftp://ftp.ncbi.nlm.nih.gov/genomes/all/GCA/014/647/135/GCA_014647135.1_ASM1464713v1","ftp://ftp.ncbi.nlm.nih.gov/genomes/all/GCF/014/647/135/GCF_014647135.1_ASM1464713v1"
"Shewanella decolorationis","Bacteria;Proteobacteria;Gammaproteobacteria","Ni1-3","SAMN09837225","PRJNA486101","GCA_007923045.1"," Chromosome",5.19253,47,"chromosome:CP031775.1",,1,4410,"2019-08-09T00:00:00Z","ftp://ftp.ncbi.nlm.nih.gov/genomes/all/GCA/007/923/045/GCA_007923045.1_ASM792304v1",
"Shewanella colwelliana ATCC 39565","Bacteria;Proteobacteria;Gammaproteobacteria","ATCC 39565","SAMN02584968","PRJNA204100","GCA_000518705.1","Scaffold",4.57562,45.4,,"JAEC01",58,3875,"2014-01-10T00:00:00Z","ftp://ftp.ncbi.nlm.nih.gov/genomes/all/GCA/000/518/705/GCA_000518705.1_ASM51870v1","ftp://ftp.ncbi.nlm.nih.gov/genomes/all/GCF/000/518/705/GCF_000518705.1_ASM51870v1"
"Shewanella sp. YLB-09","Bacteria;Proteobacteria;Gammaproteobacteria","YLB-09","SAMN12496327","PRJNA558679","GCA_009372175.1","Complete",6.22549,43.6,"chromosome:NZ_CP045427.1/CP045427.1",,1,5124,"2019-10-28T00:00:00Z","ftp://ftp.ncbi.nlm.nih.gov/genomes/all/GCA/009/372/175/GCA_009372175.1_ASM937217v1","ftp://ftp.ncbi.nlm.nih.gov/genomes/all/GCF/009/372/175/GCF_009372175.1_ASM937217v1"
"Shewanella benthica","Bacteria;Proteobacteria;Gammaproteobacteria","DB21MT-2","SAMEA104724135","PRJEB25587","GCA_900476435.1","Complete",4.35351,45.9,"chromosome SHEWBE:NZ_LS483452.1/LS483452.1",,1,3455,"2018-06-24T00:00:00Z","ftp://ftp.ncbi.nlm.nih.gov/genomes/all/GCA/900/476/435/GCA_900476435.1_SHEWBE_PRJEB25587v2","ftp://ftp.ncbi.nlm.nih.gov/genomes/all/GCF/900/476/435/GCF_900476435.1_SHEWBE_PRJEB25587v2"
"Shewanella halifaxensis","Bacteria;Proteobacteria;Gammaproteobacteria","6JANF4-E-4","SAMD00112641","PRJDB6102","GCA_003112715.1","Contig",5.46284,42.8,,"BFBQ01",5,4636,"2018-03-02T00:00:00Z","ftp://ftp.ncbi.nlm.nih.gov/genomes/all/GCA/003/112/715/GCA_003112715.1_ASM311271v1","ftp://ftp.ncbi.nlm.nih.gov/genomes/all/GCF/003/112/715/GCF_003112715.1_ASM311271v1"
"Shewanella woodyi","Bacteria;Proteobacteria;Gammaproteobacteria","Alg231_23","SAMEA3925393","PRJEB13410","GCA_900079515.1","Contig",5.81772,43.6,,"FKJK01",23,4886,"2016-06-09T00:00:00Z","ftp://ftp.ncbi.nlm.nih.gov/genomes/all/GCA/900/079/515/GCA_900079515.1_Shewanella_sp.Alg231_23","ftp://ftp.ncbi.nlm.nih.gov/genomes/all/GCF/900/079/515/GCF_900079515.1_Shewanella_sp.Alg231_23"
"Shewanella frigidimarina","Bacteria;Proteobacteria;Gammaproteobacteria","KCTC 23109","SAMN10397596","PRJNA504723","GCA_003797125.1","Scaffold",4.78407,41.4,,"RKKE01",19,4018,"2018-11-19T00:00:00Z","ftp://ftp.ncbi.nlm.nih.gov/genomes/all/GCA/003/797/125/GCA_003797125.1_ASM379712v1","ftp://ftp.ncbi.nlm.nih.gov/genomes/all/GCF/003/797/125/GCF_003797125.1_ASM379712v1"
"Shewanella oneidensis MR-1","Bacteria;Proteobacteria;Gammaproteobacteria","MR-1","SAMN02604014","PRJNA335","GCA_000146165.2","Complete",5.13142,45.9276,"chromosome:NC_004347.2/AE014299.2; plasmid megaplasmid:NC_004349.1/AE014300.1",,2,4262,"2002-09-12T00:00:00Z","ftp://ftp.ncbi.nlm.nih.gov/genomes/all/GCA/000/146/165/GCA_000146165.2_ASM14616v2","ftp://ftp.ncbi.nlm.nih.gov/genomes/all/GCF/000/146/165/GCF_000146165.2_ASM14616v2"
"Shewanella oneidensis","Bacteria;Proteobacteria;Gammaproteobacteria","S2_009_000_R2_72","SAMN07426572","PRJNA376580","GCA_003241225.1","Scaffold",4.80102,46.1,,"QFOM01",95,4089,"2018-06-18T00:00:00Z","ftp://ftp.ncbi.nlm.nih.gov/genomes/all/GCA/003/241/225/GCA_003241225.1_ASM324122v1",
"Shewanella frigidimarina","Bacteria;Proteobacteria;Gammaproteobacteria","KCCM 41815","SAMN10397592","PRJNA504719","GCA_003797845.1","Scaffold",4.85481,41.3,,"RKKC01",57,4076,"2018-11-19T00:00:00Z","ftp://ftp.ncbi.nlm.nih.gov/genomes/all/GCA/003/797/845/GCA_003797845.1_ASM379784v1","ftp://ftp.ncbi.nlm.nih.gov/genomes/all/GCF/003/797/845/GCF_003797845.1_ASM379784v1"
"Shewanella benthica KT99","Bacteria;Proteobacteria;Gammaproteobacteria","KT99","SAMN02436096","PRJNA13387","GCA_000172075.1","Contig",4.35159,46,,"ABIC01",129,3381,"2007-11-28T00:00:00Z","ftp://ftp.ncbi.nlm.nih.gov/genomes/all/GCA/000/172/075/GCA_000172075.1_ASM17207v1","ftp://ftp.ncbi.nlm.nih.gov/genomes/all/GCF/000/172/075/GCF_000172075.1_ASM17207v1"
"Shewanella sp. YLB-08","Bacteria;Proteobacteria;Gammaproteobacteria","YLB-08","SAMN12228874","PRJNA553078","GCA_007004545.2","Complete",5.78546,43.5,"chromosome:NZ_CP045503.1/CP045503.1",,1,4698,"2019-10-24T00:00:00Z","ftp://ftp.ncbi.nlm.nih.gov/genomes/all/GCA/007/004/545/GCA_007004545.2_ASM700454v2","ftp://ftp.ncbi.nlm.nih.gov/genomes/all/GCF/007/004/545/GCF_007004545.2_ASM700454v2"
"Shewanella decolorationis S12","Bacteria;Proteobacteria;Gammaproteobacteria","S12","SAMN02469853","PRJNA210345","GCA_000485795.1","Scaffold",4.84397,47.1,,"AXZL01",77,4083,"2013-10-28T00:00:00Z","ftp://ftp.ncbi.nlm.nih.gov/genomes/all/GCA/000/485/795/GCA_000485795.1_SheDec2.0","ftp://ftp.ncbi.nlm.nih.gov/genomes/all/GCF/000/485/795/GCF_000485795.1_SheDec2.0"
"Shewanella xiamenensis","Bacteria;Proteobacteria;Gammaproteobacteria","T17","SAMN03704056","PRJNA284612","GCA_001723195.1","Contig",5.36819,46.3,,"LDOA01",2,4527,"2016-09-12T00:00:00Z","ftp://ftp.ncbi.nlm.nih.gov/genomes/all/GCA/001/723/195/GCA_001723195.1_ASM172319v1","ftp://ftp.ncbi.nlm.nih.gov/genomes/all/GCF/001/723/195/GCF_001723195.1_ASM172319v1"
"Shewanella morhuae","Bacteria;Proteobacteria;Gammaproteobacteria","NCTC10736","SAMEA3879481","PRJEB6403","GCA_900457045.1","Contig",4.62617,44,,"UGYV01",7,3815,"2018-07-30T00:00:00Z","ftp://ftp.ncbi.nlm.nih.gov/genomes/all/GCA/900/457/045/GCA_900457045.1_44738_B01","ftp://ftp.ncbi.nlm.nih.gov/genomes/all/GCF/900/457/045/GCF_900457045.1_44738_B01"
"Shewanella chilikensis","Bacteria;Proteobacteria;Gammaproteobacteria","KCTC 22540","SAMD00245593","PRJDB10508","GCA_014651975.1","Scaffold",4.43497,52.4,,"BMXX01",119,3831,"2020-09-11T00:00:00Z","ftp://ftp.ncbi.nlm.nih.gov/genomes/all/GCA/014/651/975/GCA_014651975.1_ASM1465197v1","ftp://ftp.ncbi.nlm.nih.gov/genomes/all/GCF/014/651/975/GCF_014651975.1_ASM1465197v1"
"Shewanella vesiculosa","Bacteria;Proteobacteria;Gammaproteobacteria","CG_2015-07_42_57","SAMN13287332","PRJNA405969","GCA_009994185.1","Scaffold",4.61202,41.7,,"JAACRW01",55,3865,"2020-01-29T00:00:00Z","ftp://ftp.ncbi.nlm.nih.gov/genomes/all/GCA/009/994/185/GCA_009994185.1_ASM999418v1",
"Shewanella vesiculosa","Bacteria;Proteobacteria;Gammaproteobacteria","CG_2015-06_42_33","SAMN13287322","PRJNA405969","GCA_009994365.1","Scaffold",4.5532,41.7,,"JAACRN01",26,3795,"2020-01-29T00:00:00Z","ftp://ftp.ncbi.nlm.nih.gov/genomes/all/GCA/009/994/365/GCA_009994365.1_ASM999436v1",
"Shewanella chilikensis","Bacteria;Proteobacteria;Gammaproteobacteria","JC5","SAMN08777254","PRJNA443262","GCA_003217175.1","Scaffold",4.44126,52.4,,"QJSY01",90,3827,"2018-06-12T00:00:00Z","ftp://ftp.ncbi.nlm.nih.gov/genomes/all/GCA/003/217/175/GCA_003217175.1_ASM321717v1","ftp://ftp.ncbi.nlm.nih.gov/genomes/all/GCF/003/217/175/GCF_003217175.1_ASM321717v1"
"Shewanella xiamenensis","Bacteria;Proteobacteria;Gammaproteobacteria","AS58","SAMN07830263","PRJNA415614","GCA_002738015.1","Contig",4.66178,46.2,,"PEGD01",16,3913,"2017-10-30T00:00:00Z","ftp://ftp.ncbi.nlm.nih.gov/genomes/all/GCA/002/738/015/GCA_002738015.1_ASM273801v1","ftp://ftp.ncbi.nlm.nih.gov/genomes/all/GCF/002/738/015/GCF_002738015.1_ASM273801v1"
"Shewanella sp. KX20019","Bacteria;Proteobacteria;Gammaproteobacteria","KX20019","SAMN17370031","PRJNA692780","GCA_016757755.1","Complete",5.32922,43.774,"chromosome:CP068437.1; plasmid p1:CP068438.1",,2,4442,"2021-01-27T00:00:00Z","ftp://ftp.ncbi.nlm.nih.gov/genomes/all/GCA/016/757/755/GCA_016757755.1_ASM1675775v1","ftp://ftp.ncbi.nlm.nih.gov/genomes/all/GCF/016/757/755/GCF_016757755.1_ASM1675775v1"
"Shewanella frigidimarina","Bacteria;Proteobacteria;Gammaproteobacteria","Ag06-30","SAMN04413751","PRJNA308795","GCA_001529365.1","Contig",4.79663,41.2,,"LRDC01",100,4040,"2016-01-22T00:00:00Z","ftp://ftp.ncbi.nlm.nih.gov/genomes/all/GCA/001/529/365/GCA_001529365.1_ASM152936v1","ftp://ftp.ncbi.nlm.nih.gov/genomes/all/GCF/001/529/365/GCF_001529365.1_ASM152936v1"
"Shewanella baltica OS185","Bacteria;Proteobacteria;Gammaproteobacteria","OS185","SAMN02598398","PRJNA17643","GCA_000017325.1","Complete",5.31291,46.2593,"chromosome:NC_009665.1/CP000753.1; plasmid pS18501:NC_009661.1/CP000754.1",,2,4400,"2007-07-10T00:00:00Z","ftp://ftp.ncbi.nlm.nih.gov/genomes/all/GCA/000/017/325/GCA_000017325.1_ASM1732v1","ftp://ftp.ncbi.nlm.nih.gov/genomes/all/GCF/000/017/325/GCF_000017325.1_ASM1732v1"
"Shewanella frigidimarina","Bacteria;Proteobacteria;Gammaproteobacteria","CG_2015-04_42_94","SAMN13287310","PRJNA405969","GCA_009994665.1","Scaffold",4.65443,41.7,,"JAACRB01",57,3898,"2020-01-29T00:00:00Z","ftp://ftp.ncbi.nlm.nih.gov/genomes/all/GCA/009/994/665/GCA_009994665.1_ASM999466v1",
"Shewanella sp. WE21","Bacteria;Proteobacteria;Gammaproteobacteria","WE21","SAMN06562699","PRJNA400253","GCA_002966515.1","Complete",5.26675,45.3,"chromosome:NZ_CP023019.1/CP023019.1",,1,4375,"2018-03-01T00:00:00Z","ftp://ftp.ncbi.nlm.nih.gov/genomes/all/GCA/002/966/515/GCA_002966515.1_ASM296651v1","ftp://ftp.ncbi.nlm.nih.gov/genomes/all/GCF/002/966/515/GCF_002966515.1_ASM296651v1"
"Shewanella xiamenensis","Bacteria;Proteobacteria;Gammaproteobacteria","ZYW6","SAMN04492232","PRJNA312015","GCA_007595285.1","Scaffold",4.76519,46.2,,"LVDQ01",40,4032,"2019-07-29T00:00:00Z","ftp://ftp.ncbi.nlm.nih.gov/genomes/all/GCA/007/595/285/GCA_007595285.1_ASM759528v1","ftp://ftp.ncbi.nlm.nih.gov/genomes/all/GCF/007/595/285/GCF_007595285.1_ASM759528v1"
"Shewanella vesiculosa","Bacteria;Proteobacteria;Gammaproteobacteria","CG_2015-10_42_47","SAMN13287352","PRJNA405969","GCA_009993825.1","Scaffold",4.65221,41.6,,"JAACSQ01",68,3888,"2020-01-29T00:00:00Z","ftp://ftp.ncbi.nlm.nih.gov/genomes/all/GCA/009/993/825/GCA_009993825.1_ASM999382v1",
"Shewanella vesiculosa","Bacteria;Proteobacteria;Gammaproteobacteria","CG_2015-05_42_77","SAMN13287318","PRJNA405969","GCA_009994445.1","Scaffold",4.62776,41.7,,"JAACRJ01",41,3855,"2020-01-29T00:00:00Z","ftp://ftp.ncbi.nlm.nih.gov/genomes/all/GCA/009/994/445/GCA_009994445.1_ASM999444v1",
"Shewanella xiamenensis","Bacteria;Proteobacteria;Gammaproteobacteria","ZYW4","SAMN04492230","PRJNA312015","GCA_007595275.1","Scaffold",4.8279,46.2,,"LVDO01",60,4099,"2019-07-29T00:00:00Z","ftp://ftp.ncbi.nlm.nih.gov/genomes/all/GCA/007/595/275/GCA_007595275.1_ASM759527v1","ftp://ftp.ncbi.nlm.nih.gov/genomes/all/GCF/007/595/275/GCF_007595275.1_ASM759527v1"
"Shewanella sp. Scap07","Bacteria;Proteobacteria;Gammaproteobacteria","Scap07","SAMN12071508","PRJNA549111","GCA_013394145.1","Complete",5.12964,45.3,"chromosome:NZ_CP041329.1/CP041329.1",,1,4376,"2020-07-08T00:00:00Z","ftp://ftp.ncbi.nlm.nih.gov/genomes/all/GCA/013/394/145/GCA_013394145.1_ASM1339414v1","ftp://ftp.ncbi.nlm.nih.gov/genomes/all/GCF/013/394/145/GCF_013394145.1_ASM1339414v1"
"Shewanella frigidimarina","Bacteria;Proteobacteria;Gammaproteobacteria","UBA11170","SAMN08018680","PRJNA417962","GCA_003500745.1","Scaffold",3.9621,39.1,,"DNQQ01",550,4068,"2018-09-07T00:00:00Z","ftp://ftp.ncbi.nlm.nih.gov/genomes/all/GCA/003/500/745/GCA_003500745.1_ASM350074v1",
"Shewanella sp. FDAARGOS_354","Bacteria;Proteobacteria;Gammaproteobacteria","FDAARGOS_354","SAMN06173367","PRJNA231221","GCA_002209245.2","Complete",5.06998,46.3767,"chromosome:NZ_CP022089.2/CP022089.2; plasmid unnamed1:NZ_CP022090.2/CP022090.2",,2,4206,"2017-06-27T00:00:00Z","ftp://ftp.ncbi.nlm.nih.gov/genomes/all/GCA/002/209/245/GCA_002209245.2_ASM220924v2","ftp://ftp.ncbi.nlm.nih.gov/genomes/all/GCF/002/209/245/GCF_002209245.2_ASM220924v2"
"Shewanella algae","Bacteria;Proteobacteria;Gammaproteobacteria","ATCC 51192","SAMN14517830","PRJNA622446","GCA_012396675.1","Contig",4.97836,52.5,,"JAAXPX01",52,4320,"2020-04-15T00:00:00Z","ftp://ftp.ncbi.nlm.nih.gov/genomes/all/GCA/012/396/675/GCA_012396675.1_ASM1239667v1","ftp://ftp.ncbi.nlm.nih.gov/genomes/all/GCF/012/396/675/GCF_012396675.1_ASM1239667v1"
"Shewanella xiamenensis","Bacteria;Proteobacteria;Gammaproteobacteria","ZYW2","SAMN04492228","PRJNA312015","GCA_007595225.1","Scaffold",4.82125,46.2,,"LVDM01",59,4102,"2019-07-29T00:00:00Z","ftp://ftp.ncbi.nlm.nih.gov/genomes/all/GCA/007/595/225/GCA_007595225.1_ASM759522v1","ftp://ftp.ncbi.nlm.nih.gov/genomes/all/GCF/007/595/225/GCF_007595225.1_ASM759522v1"
"Shewanella vesiculosa","Bacteria;Proteobacteria;Gammaproteobacteria","CG_2015-09_42_97","SAMN13287348","PRJNA405969","GCA_009993915.1","Scaffold",4.55157,41.7,,"JAACSM01",51,3782,"2020-01-29T00:00:00Z","ftp://ftp.ncbi.nlm.nih.gov/genomes/all/GCA/009/993/915/GCA_009993915.1_ASM999391v1",
"Shewanella vesiculosa","Bacteria;Proteobacteria;Gammaproteobacteria","CG_2015-19_42_30","SAMN13287388","PRJNA405969","GCA_009993165.1","Scaffold",4.60138,41.7,,"JAACTY01",46,3840,"2020-01-29T00:00:00Z","ftp://ftp.ncbi.nlm.nih.gov/genomes/all/GCA/009/993/165/GCA_009993165.1_ASM999316v1",
"Shewanella xiamenensis","Bacteria;Proteobacteria;Gammaproteobacteria","ZYW5","SAMN04492231","PRJNA312015","GCA_007595335.1","Scaffold",4.82972,46.2,,"LVDP01",56,4105,"2019-07-29T00:00:00Z","ftp://ftp.ncbi.nlm.nih.gov/genomes/all/GCA/007/595/335/GCA_007595335.1_ASM759533v1","ftp://ftp.ncbi.nlm.nih.gov/genomes/all/GCF/007/595/335/GCF_007595335.1_ASM759533v1"
"Shewanella algae","Bacteria;Proteobacteria;Gammaproteobacteria","20-23R","SAMN07175132","PRJNA388331","GCA_002836995.1","Scaffold",4.75878,53.1,,"NIJL01",56,4103,"2017-12-12T00:00:00Z","ftp://ftp.ncbi.nlm.nih.gov/genomes/all/GCA/002/836/995/GCA_002836995.1_ASM283699v1","ftp://ftp.ncbi.nlm.nih.gov/genomes/all/GCF/002/836/995/GCF_002836995.1_ASM283699v1"
"Shewanella sp. Pdp11","Bacteria;Proteobacteria;Gammaproteobacteria","Pdp11","SAMN04495905","PRJNA312231","GCA_002838165.1","Complete",4.9737,46.2,"chromosome:NZ_CP015194.1/CP015194.1",,1,4092,"2017-12-13T00:00:00Z","ftp://ftp.ncbi.nlm.nih.gov/genomes/all/GCA/002/838/165/GCA_002838165.1_ASM283816v1","ftp://ftp.ncbi.nlm.nih.gov/genomes/all/GCF/002/838/165/GCF_002838165.1_ASM283816v1"
"Shewanella baltica","Bacteria;Proteobacteria;Gammaproteobacteria","NCTC10737","SAMEA3881057","PRJEB6403","GCA_900636855.1","Complete",4.99975,46.4,"chromosome 1:NZ_LR134321.1/LR134321.1",,1,4064,"2018-12-19T00:00:00Z","ftp://ftp.ncbi.nlm.nih.gov/genomes/all/GCA/900/636/855/GCA_900636855.1_44858_H01","ftp://ftp.ncbi.nlm.nih.gov/genomes/all/GCF/900/636/855/GCF_900636855.1_44858_H01"
"Shewanella putrefaciens","Bacteria;Proteobacteria;Gammaproteobacteria","JCM 20190","SAMD00245284","PRJDB10510","GCA_014647555.1","Scaffold",4.37841,44.3,,"BMPK01",29,3703,"2020-09-11T00:00:00Z","ftp://ftp.ncbi.nlm.nih.gov/genomes/all/GCA/014/647/555/GCA_014647555.1_ASM1464755v1","ftp://ftp.ncbi.nlm.nih.gov/genomes/all/GCF/014/647/555/GCF_014647555.1_ASM1464755v1"
"Shewanella baltica","Bacteria;Proteobacteria;Gammaproteobacteria","CW2","SAMN08768697","PRJNA443144","GCA_003030925.1","Complete",4.94478,46.4,"chromosome:NZ_CP028355.1/CP028355.1",,1,4008,"2018-04-03T00:00:00Z","ftp://ftp.ncbi.nlm.nih.gov/genomes/all/GCA/003/030/925/GCA_003030925.1_ASM303092v1","ftp://ftp.ncbi.nlm.nih.gov/genomes/all/GCF/003/030/925/GCF_003030925.1_ASM303092v1"
"Shewanella sp. ANA-3","Bacteria;Proteobacteria;Gammaproteobacteria","ANA-3","SAMN02598318","PRJNA13905","GCA_000203935.1","Complete",5.25115,47.9725,"chromosome 1:NC_008577.1/CP000469.1; plasmid Plasmid1:NC_008573.1/CP000470.1",,2,4387,"2006-11-08T00:00:00Z","ftp://ftp.ncbi.nlm.nih.gov/genomes/all/GCA/000/203/935/GCA_000203935.1_ASM20393v1","ftp://ftp.ncbi.nlm.nih.gov/genomes/all/GCF/000/203/935/GCF_000203935.1_ASM20393v1"
"Shewanella xiamenensis","Bacteria;Proteobacteria;Gammaproteobacteria","ZYW3","SAMN04492229","PRJNA312015","GCA_007595265.1","Scaffold",4.82815,46.2,,"LVDN01",58,4098,"2019-07-29T00:00:00Z","ftp://ftp.ncbi.nlm.nih.gov/genomes/all/GCA/007/595/265/GCA_007595265.1_ASM759526v1","ftp://ftp.ncbi.nlm.nih.gov/genomes/all/GCF/007/595/265/GCF_007595265.1_ASM759526v1"
"Shewanella xiamenensis","Bacteria;Proteobacteria;Gammaproteobacteria","ZYW1","SAMN04492227","PRJNA312015","GCA_007636465.1","Scaffold",4.82846,46.2,,"LVDL01",60,4103,"2019-07-30T00:00:00Z","ftp://ftp.ncbi.nlm.nih.gov/genomes/all/GCA/007/636/465/GCA_007636465.1_ASM763646v1","ftp://ftp.ncbi.nlm.nih.gov/genomes/all/GCF/007/636/465/GCF_007636465.1_ASM763646v1"
"Shewanella algae","Bacteria;Proteobacteria;Gammaproteobacteria","NCTC10738","SAMEA80461168","PRJEB6403","GCA_900457125.1","Contig",4.99704,52.8,,"UGYO01",3,4291,"2018-07-30T00:00:00Z","ftp://ftp.ncbi.nlm.nih.gov/genomes/all/GCA/900/457/125/GCA_900457125.1_53550_C01","ftp://ftp.ncbi.nlm.nih.gov/genomes/all/GCF/900/457/125/GCF_900457125.1_53550_C01"
"Shewanella sp. WPAGA9","Bacteria;Proteobacteria;Gammaproteobacteria","WPAGA9","SAMN16261141","PRJNA665543","GCA_014840975.1","Complete",4.94299,40.8,"chromosome:NZ_CP062058.1/CP062058.1",,1,4069,"2020-10-04T00:00:00Z","ftp://ftp.ncbi.nlm.nih.gov/genomes/all/GCA/014/840/975/GCA_014840975.1_ASM1484097v1","ftp://ftp.ncbi.nlm.nih.gov/genomes/all/GCF/014/840/975/GCF_014840975.1_ASM1484097v1"
"Shewanella baltica","Bacteria;Proteobacteria;Gammaproteobacteria","128","SAMN08730657","PRJNA438860","GCA_003052765.1","Complete",4.89621,46.4,"chromosome:NZ_CP028730.1/CP028730.1",,1,3994,"2018-04-17T00:00:00Z","ftp://ftp.ncbi.nlm.nih.gov/genomes/all/GCA/003/052/765/GCA_003052765.1_ASM305276v1","ftp://ftp.ncbi.nlm.nih.gov/genomes/all/GCF/003/052/765/GCF_003052765.1_ASM305276v1"
"Shewanella baltica OS183","Bacteria;Proteobacteria;Gammaproteobacteria","OS183","SAMN02256524","PRJNA50319","GCA_000179535.2"," Chromosome",5.04993,46.1,"chromosome:NZ_CM001435.1/CM001435.1","AECY02",1,4160,"2010-08-20T00:00:00Z","ftp://ftp.ncbi.nlm.nih.gov/genomes/all/GCA/000/179/535/GCA_000179535.2_ASM17953v2","ftp://ftp.ncbi.nlm.nih.gov/genomes/all/GCF/000/179/535/GCF_000179535.2_ASM17953v2"
"Shewanella putrefaciens","Bacteria;Proteobacteria;Gammaproteobacteria","NCTC10695","SAMEA104224778","PRJEB6403","GCA_900457065.1","Contig",4.50006,44.5,,"UGYP01",3,3767,"2018-07-30T00:00:00Z","ftp://ftp.ncbi.nlm.nih.gov/genomes/all/GCA/900/457/065/GCA_900457065.1_57675_D02","ftp://ftp.ncbi.nlm.nih.gov/genomes/all/GCF/900/457/065/GCF_900457065.1_57675_D02"
"Shewanella sp. Arc9-LZ","Bacteria;Proteobacteria;Gammaproteobacteria","Arc9-LZ","SAMN13831091","PRJNA600761","GCA_010092445.1","Complete",4.91103,41.6,"chromosome:NZ_CP048031.1/CP048031.1",,1,4048,"2020-02-01T00:00:00Z","ftp://ftp.ncbi.nlm.nih.gov/genomes/all/GCA/010/092/445/GCA_010092445.1_ASM1009244v1","ftp://ftp.ncbi.nlm.nih.gov/genomes/all/GCF/010/092/445/GCF_010092445.1_ASM1009244v1"
"Shewanella algae","Bacteria;Proteobacteria;Gammaproteobacteria","MARS 14","SAMEA3221090","PRJEB8326","GCA_000947195.1","Scaffold",5.00585,52.9,,"CDQH01",11,4264,"2015-01-29T00:00:00Z","ftp://ftp.ncbi.nlm.nih.gov/genomes/all/GCA/000/947/195/GCA_000947195.1_Shewanella_algae_MARS_14","ftp://ftp.ncbi.nlm.nih.gov/genomes/all/GCF/000/947/195/GCF_000947195.1_Shewanella_algae_MARS_14"
"Shewanella xiamenensis","Bacteria;Proteobacteria;Gammaproteobacteria","SxND_W2_2018","SAMD00215989","PRJDB9531","GCA_012490345.1","Contig",4.59942,46.3,,"BLRE01",107,3897,"2020-04-11T00:00:00Z","ftp://ftp.ncbi.nlm.nih.gov/genomes/all/GCA/012/490/345/GCA_012490345.1_ASM1249034v1","ftp://ftp.ncbi.nlm.nih.gov/genomes/all/GCF/012/490/345/GCF_012490345.1_ASM1249034v1"
"Shewanella xiamenensis","Bacteria;Proteobacteria;Gammaproteobacteria","T17","SAMN03397547","PRJNA277867","GCA_002074855.1","Contig",5.17039,46.2,,"JZWJ01",212,4415,"2017-03-29T00:00:00Z","ftp://ftp.ncbi.nlm.nih.gov/genomes/all/GCA/002/074/855/GCA_002074855.1_ASM207485v1","ftp://ftp.ncbi.nlm.nih.gov/genomes/all/GCF/002/074/855/GCF_002074855.1_ASM207485v1"
"Shewanella algae","Bacteria;Proteobacteria;Gammaproteobacteria","CECT 5071","SAMN11083189","PRJNA526057","GCA_009183365.1","Contig",4.86662,53,,"SMNR01",36,4216,"2019-10-18T00:00:00Z","ftp://ftp.ncbi.nlm.nih.gov/genomes/all/GCA/009/183/365/GCA_009183365.1_ASM918336v1","ftp://ftp.ncbi.nlm.nih.gov/genomes/all/GCF/009/183/365/GCF_009183365.1_ASM918336v1"
"Shewanella sp. MR-7","Bacteria;Proteobacteria;Gammaproteobacteria","MR-7","SAMN02598316","PRJNA13903","GCA_000014665.1","Complete",4.79911,47.8935,"chromosome:NC_008322.1/CP000444.1; plasmid Plasmid1:NC_008320.1/CP000445.1",,2,4022,"2006-09-01T00:00:00Z","ftp://ftp.ncbi.nlm.nih.gov/genomes/all/GCA/000/014/665/GCA_000014665.1_ASM1466v1","ftp://ftp.ncbi.nlm.nih.gov/genomes/all/GCF/000/014/665/GCF_000014665.1_ASM1466v1"
"Shewanella putrefaciens","Bacteria;Proteobacteria;Gammaproteobacteria","97","SAMN09062819","PRJNA456206","GCA_003315425.1","Scaffold",4.95454,45.4,,"QNSC01",45,4193,"2018-07-12T00:00:00Z","ftp://ftp.ncbi.nlm.nih.gov/genomes/all/GCA/003/315/425/GCA_003315425.1_ASM331542v1","ftp://ftp.ncbi.nlm.nih.gov/genomes/all/GCF/003/315/425/GCF_003315425.1_ASM331542v1"
"Shewanella baltica","Bacteria;Proteobacteria;Gammaproteobacteria","NCTC10735","SAMEA4442456","PRJEB6403","GCA_900456975.1","Contig",5.30084,46.3,,"UGYM01",2,4383,"2018-07-30T00:00:00Z","ftp://ftp.ncbi.nlm.nih.gov/genomes/all/GCA/900/456/975/GCA_900456975.1_50884_G01","ftp://ftp.ncbi.nlm.nih.gov/genomes/all/GCF/900/456/975/GCF_900456975.1_50884_G01"
"Shewanella baltica OS625","Bacteria;Proteobacteria;Gammaproteobacteria","OS625","SAMN02256537","PRJNA60225","GCA_000231345.2","Contig",5.19524,46.3,,"AGEX01",53,4265,"2011-10-21T00:00:00Z","ftp://ftp.ncbi.nlm.nih.gov/genomes/all/GCA/000/231/345/GCA_000231345.2_ASM23134v2","ftp://ftp.ncbi.nlm.nih.gov/genomes/all/GCF/000/231/345/GCF_000231345.1_ASM23134v2"
"Shewanella putrefaciens HRCR-6","Bacteria;Proteobacteria;Gammaproteobacteria","HRCR-6","SAMN02584939","PRJNA195875","GCA_000519065.1","Scaffold",3.63135,45.4,,"JAEU01",250,2906,"2014-01-10T00:00:00Z","ftp://ftp.ncbi.nlm.nih.gov/genomes/all/GCA/000/519/065/GCA_000519065.1_ASM51906v1","ftp://ftp.ncbi.nlm.nih.gov/genomes/all/GCF/000/519/065/GCF_000519065.1_ASM51906v1"
"Shewanella sp. MEBiC00475","Bacteria;Proteobacteria;Gammaproteobacteria","MEBiC00475","SAMN11523604","PRJNA540177","GCA_005234075.1","Complete",4.72852,40.6,"chromosome:NZ_CP039928.1/CP039928.1",,1,3936,"2019-05-08T00:00:00Z","ftp://ftp.ncbi.nlm.nih.gov/genomes/all/GCA/005/234/075/GCA_005234075.1_ASM523407v1","ftp://ftp.ncbi.nlm.nih.gov/genomes/all/GCF/005/234/075/GCF_005234075.1_ASM523407v1"
"Shewanella algae","Bacteria;Proteobacteria;Gammaproteobacteria","SYT2","SAMN04492205","PRJNA312015","GCA_007595325.1","Scaffold",4.78253,53.1,,"LVDT01",37,4141,"2019-07-29T00:00:00Z","ftp://ftp.ncbi.nlm.nih.gov/genomes/all/GCA/007/595/325/GCA_007595325.1_ASM759532v1","ftp://ftp.ncbi.nlm.nih.gov/genomes/all/GCF/007/595/325/GCF_007595325.1_ASM759532v1"
"Shewanella xiamenensis","Bacteria;Proteobacteria;Gammaproteobacteria","SxND_W5_2018","SAMD00215990","PRJDB9531","GCA_012490465.1","Contig",4.87331,46.1,,"BLRF01",177,4089,"2020-04-11T00:00:00Z","ftp://ftp.ncbi.nlm.nih.gov/genomes/all/GCA/012/490/465/GCA_012490465.1_ASM1249046v1","ftp://ftp.ncbi.nlm.nih.gov/genomes/all/GCF/012/490/465/GCF_012490465.1_ASM1249046v1"
"Shewanella xiamenensis","Bacteria;Proteobacteria;Gammaproteobacteria","BC01","SAMN02678192","PRJNA238517","GCA_000712635.2","Scaffold",4.67259,46.2,,"JGVI01",110,3936,"2014-06-26T00:00:00Z","ftp://ftp.ncbi.nlm.nih.gov/genomes/all/GCA/000/712/635/GCA_000712635.2_SXM1.0_for_version_1_of_the_Shewanella_xiamenensis_genome","ftp://ftp.ncbi.nlm.nih.gov/genomes/all/GCF/000/712/635/GCF_000712635.2_SXM1.0_for_version_1_of_the_Shewanella_xiamenensis_genome"
"Shewanella algae","Bacteria;Proteobacteria;Gammaproteobacteria","AC","SAMN04492223","PRJNA312015","GCA_003024535.1","Scaffold",4.75335,53.1,,"LVDH01",28,4130,"2018-03-28T00:00:00Z","ftp://ftp.ncbi.nlm.nih.gov/genomes/all/GCA/003/024/535/GCA_003024535.1_ASM302453v1","ftp://ftp.ncbi.nlm.nih.gov/genomes/all/GCF/003/024/535/GCF_003024535.1_ASM302453v1"
"Shewanella sp. W3-18-1","Bacteria;Proteobacteria;Gammaproteobacteria","W3-18-1","SAMN02598315","PRJNA13902","GCA_000015185.1","Complete",4.70838,44.6,"chromosome:NC_008750.1/CP000503.1",,1,4046,"2007-01-03T00:00:00Z","ftp://ftp.ncbi.nlm.nih.gov/genomes/all/GCA/000/015/185/GCA_000015185.1_ASM1518v1","ftp://ftp.ncbi.nlm.nih.gov/genomes/all/GCF/000/015/185/GCF_000015185.1_ASM1518v1"
"Shewanella putrefaciens","Bacteria;Proteobacteria;Gammaproteobacteria","SA70","SAMN06673971","PRJNA381311","GCA_002157365.1","Contig",5.11056,47.8,,"NGZL01",199,4380,"2017-05-24T00:00:00Z","ftp://ftp.ncbi.nlm.nih.gov/genomes/all/GCA/002/157/365/GCA_002157365.1_ASM215736v1","ftp://ftp.ncbi.nlm.nih.gov/genomes/all/GCF/002/157/365/GCF_002157365.1_ASM215736v1"
"Shewanella baltica","Bacteria;Proteobacteria;Gammaproteobacteria","M1","SAMN04555237","PRJNA315288","GCA_001620325.1","Contig",5.16758,46.2,,"LWED01",91,4247,"2016-04-18T00:00:00Z","ftp://ftp.ncbi.nlm.nih.gov/genomes/all/GCA/001/620/325/GCA_001620325.1_ASM162032v1","ftp://ftp.ncbi.nlm.nih.gov/genomes/all/GCF/001/620/325/GCF_001620325.1_ASM162032v1"
"Shewanella baltica","Bacteria;Proteobacteria;Gammaproteobacteria","UBA8873","SAMN08019569","PRJNA417962","GCA_003516645.1","Scaffold",3.8935,46.4,,"DPCR01",600,3633,"2018-09-10T00:00:00Z","ftp://ftp.ncbi.nlm.nih.gov/genomes/all/GCA/003/516/645/GCA_003516645.1_ASM351664v1",
"Shewanella sp. MR-4","Bacteria;Proteobacteria;Gammaproteobacteria","MR-4","SAMN02598317","PRJNA13904","GCA_000014685.1","Complete",4.70629,47.9,"chromosome:NC_008321.1/CP000446.1",,1,3930,"2006-09-01T00:00:00Z","ftp://ftp.ncbi.nlm.nih.gov/genomes/all/GCA/000/014/685/GCA_000014685.1_ASM1468v1","ftp://ftp.ncbi.nlm.nih.gov/genomes/all/GCF/000/014/685/GCF_000014685.1_ASM1468v1"
"Shewanella algae","Bacteria;Proteobacteria;Gammaproteobacteria","YHL","SAMN04492206","PRJNA312015","GCA_002318995.1","Scaffold",4.85044,53,,"LVDU01",27,4188,"2017-09-20T00:00:00Z","ftp://ftp.ncbi.nlm.nih.gov/genomes/all/GCA/002/318/995/GCA_002318995.1_ASM231899v1","ftp://ftp.ncbi.nlm.nih.gov/genomes/all/GCF/002/318/995/GCF_002318995.1_ASM231899v1"
"Shewanella xiamenensis","Bacteria;Proteobacteria;Gammaproteobacteria","SxND_W9_2018","SAMD00215991","PRJDB9531","GCA_012490605.1","Contig",4.52355,46.2,,"BLRG01",145,3813,"2020-04-11T00:00:00Z","ftp://ftp.ncbi.nlm.nih.gov/genomes/all/GCA/012/490/605/GCA_012490605.1_ASM1249060v1","ftp://ftp.ncbi.nlm.nih.gov/genomes/all/GCF/012/490/605/GCF_012490605.1_ASM1249060v1"
"Shewanella algae","Bacteria;Proteobacteria;Gammaproteobacteria","JFL","SAMN04492224","PRJNA312015","GCA_007636455.1","Scaffold",4.80111,53.1,,"LVDI01",41,4166,"2019-07-30T00:00:00Z","ftp://ftp.ncbi.nlm.nih.gov/genomes/all/GCA/007/636/455/GCA_007636455.1_ASM763645v1","ftp://ftp.ncbi.nlm.nih.gov/genomes/all/GCF/007/636/455/GCF_007636455.1_ASM763645v1"
"Shewanella sp. SNU WT4","Bacteria;Proteobacteria;Gammaproteobacteria","SNU WT4","SAMN12084175","PRJNA549365","GCA_006494715.1","Complete",4.1297,45.5061,"chromosome:NZ_CP041151.1/CP041151.1; plasmid unnamed1:NZ_CP041152.1/CP041152.1",,2,3447,"2019-06-27T00:00:00Z","ftp://ftp.ncbi.nlm.nih.gov/genomes/all/GCA/006/494/715/GCA_006494715.1_ASM649471v1","ftp://ftp.ncbi.nlm.nih.gov/genomes/all/GCF/006/494/715/GCF_006494715.1_ASM649471v1"
"Shewanella sp. M2","Bacteria;Proteobacteria;Gammaproteobacteria","M2","SAMN10397594","PRJNA504721","GCA_003855155.1"," Chromosome",5.13495,42.2,"chromosome:NZ_CP034073.1/CP034073.1",,1,4164,"2018-12-02T00:00:00Z","ftp://ftp.ncbi.nlm.nih.gov/genomes/all/GCA/003/855/155/GCA_003855155.1_ASM385515v1","ftp://ftp.ncbi.nlm.nih.gov/genomes/all/GCF/003/855/155/GCF_003855155.1_ASM385515v1"
"Shewanella algae","Bacteria;Proteobacteria;Gammaproteobacteria","JFC3","SAMN04492215","PRJNA312015","GCA_007636355.1","Scaffold",4.81965,53,,"LVCX01",43,4182,"2019-07-30T00:00:00Z","ftp://ftp.ncbi.nlm.nih.gov/genomes/all/GCA/007/636/355/GCA_007636355.1_ASM763635v1","ftp://ftp.ncbi.nlm.nih.gov/genomes/all/GCF/007/636/355/GCF_007636355.1_ASM763635v1"
"Shewanella algae","Bacteria;Proteobacteria;Gammaproteobacteria","melkephyllucas","SAMN04492222","PRJNA312015","GCA_007595215.1","Scaffold",4.80822,53.1,,"LVDG01",51,4193,"2019-07-29T00:00:00Z","ftp://ftp.ncbi.nlm.nih.gov/genomes/all/GCA/007/595/215/GCA_007595215.1_ASM759521v1","ftp://ftp.ncbi.nlm.nih.gov/genomes/all/GCF/007/595/215/GCF_007595215.1_ASM759521v1"
"Shewanella sp. VB17","Bacteria;Proteobacteria;Gammaproteobacteria","VB17","SAMN15029617","PRJNA635219","GCA_013248905.1","Contig",5.1727,41,,"JABRVS01",2,4220,"2020-06-02T00:00:00Z","ftp://ftp.ncbi.nlm.nih.gov/genomes/all/GCA/013/248/905/GCA_013248905.1_ASM1324890v1","ftp://ftp.ncbi.nlm.nih.gov/genomes/all/GCF/013/248/905/GCF_013248905.1_ASM1324890v1"
"Shewanella sp. DC2-4","Bacteria;Proteobacteria;Gammaproteobacteria","DC2-4","SAMN15028752","PRJNA635216","GCA_013248875.1","Contig",5.27601,45.4,,"JABRVR01",4,4457,"2020-06-02T00:00:00Z","ftp://ftp.ncbi.nlm.nih.gov/genomes/all/GCA/013/248/875/GCA_013248875.1_ASM1324887v1","ftp://ftp.ncbi.nlm.nih.gov/genomes/all/GCF/013/248/875/GCF_013248875.1_ASM1324887v1"
"Shewanella algae","Bacteria;Proteobacteria;Gammaproteobacteria","SYT4","SAMN04492226","PRJNA312015","GCA_003024575.1","Scaffold",4.83965,53.1,,"LVDK01",37,4182,"2018-03-28T00:00:00Z","ftp://ftp.ncbi.nlm.nih.gov/genomes/all/GCA/003/024/575/GCA_003024575.1_ASM302457v1","ftp://ftp.ncbi.nlm.nih.gov/genomes/all/GCF/003/024/575/GCF_003024575.1_ASM302457v1"
"Shewanella algae","Bacteria;Proteobacteria;Gammaproteobacteria","CLS4","SAMN04492210","PRJNA312015","GCA_007595165.1","Scaffold",4.86675,53,,"LVDD01",35,4161,"2019-07-29T00:00:00Z","ftp://ftp.ncbi.nlm.nih.gov/genomes/all/GCA/007/595/165/GCA_007595165.1_ASM759516v1","ftp://ftp.ncbi.nlm.nih.gov/genomes/all/GCF/007/595/165/GCF_007595165.1_ASM759516v1"
"Shewanella sp. Actino-trap-3","Bacteria;Proteobacteria;Gammaproteobacteria","Actino-trap-3","SAMN08125740","PRJNA420923","GCA_002836275.1","Contig",4.55409,42.3,,"PJCE01",1,3766,"2017-12-12T00:00:00Z","ftp://ftp.ncbi.nlm.nih.gov/genomes/all/GCA/002/836/275/GCA_002836275.1_ASM283627v1","ftp://ftp.ncbi.nlm.nih.gov/genomes/all/GCF/002/836/275/GCF_002836275.1_ASM283627v1"
"Shewanella sp. Choline-02u-19","Bacteria;Proteobacteria;Gammaproteobacteria","Choline-02u-19","SAMN08125754","PRJNA420923","GCA_002836205.1","Contig",5.10298,43.5,,"PJBE01",13,4294,"2017-12-12T00:00:00Z","ftp://ftp.ncbi.nlm.nih.gov/genomes/all/GCA/002/836/205/GCA_002836205.1_ASM283620v1","ftp://ftp.ncbi.nlm.nih.gov/genomes/all/GCF/002/836/205/GCF_002836205.1_ASM283620v1"
"Shewanella algae","Bacteria;Proteobacteria;Gammaproteobacteria","JFC2","SAMN04492214","PRJNA312015","GCA_007844895.1","Scaffold",4.84012,53,,"LUKM01",44,4188,"2019-08-05T00:00:00Z","ftp://ftp.ncbi.nlm.nih.gov/genomes/all/GCA/007/844/895/GCA_007844895.1_ASM784489v1","ftp://ftp.ncbi.nlm.nih.gov/genomes/all/GCF/007/844/895/GCF_007844895.1_ASM784489v1"
"Shewanella algae","Bacteria;Proteobacteria;Gammaproteobacteria","CLS5","SAMN04492211","PRJNA312015","GCA_007595175.1","Scaffold",4.82409,53,,"LVDE01",43,4228,"2019-07-29T00:00:00Z","ftp://ftp.ncbi.nlm.nih.gov/genomes/all/GCA/007/595/175/GCA_007595175.1_ASM759517v1","ftp://ftp.ncbi.nlm.nih.gov/genomes/all/GCF/007/595/175/GCF_007595175.1_ASM759517v1"
"Shewanella sp. ISTPL2","Bacteria;Proteobacteria;Gammaproteobacteria","ISTPL2","SAMN14352201","PRJNA611921","GCA_013283205.1","Scaffold",5.17315,45.3,,"JAAPAV01",10,4407,"2020-06-06T00:00:00Z","ftp://ftp.ncbi.nlm.nih.gov/genomes/all/GCA/013/283/205/GCA_013283205.1_ASM1328320v1","ftp://ftp.ncbi.nlm.nih.gov/genomes/all/GCF/013/283/205/GCF_013283205.1_ASM1328320v1"
"Shewanella sp. ZOR0012","Bacteria;Proteobacteria;Gammaproteobacteria","ZOR0012","SAMN14968596","PRJNA633711","GCA_013307415.1","Scaffold",5.12961,46.3,,"JABUGE01",5,4084,"2020-06-09T00:00:00Z","ftp://ftp.ncbi.nlm.nih.gov/genomes/all/GCA/013/307/415/GCA_013307415.1_ASM1330741v1","ftp://ftp.ncbi.nlm.nih.gov/genomes/all/GCF/013/307/415/GCF_013307415.1_ASM1330741v1"
"Shewanella algae","Bacteria;Proteobacteria;Gammaproteobacteria","RC","SAMN04492217","PRJNA312015","GCA_007636395.1","Scaffold",4.80724,53,,"LVCZ01",54,4152,"2019-07-30T00:00:00Z","ftp://ftp.ncbi.nlm.nih.gov/genomes/all/GCA/007/636/395/GCA_007636395.1_ASM763639v1","ftp://ftp.ncbi.nlm.nih.gov/genomes/all/GCF/007/636/395/GCF_007636395.1_ASM763639v1"
"Shewanella algae","Bacteria;Proteobacteria;Gammaproteobacteria","CHL","SAMN04492221","PRJNA312015","GCA_007595205.1","Scaffold",4.88859,53,,"LVDF01",55,4226,"2019-07-29T00:00:00Z","ftp://ftp.ncbi.nlm.nih.gov/genomes/all/GCA/007/595/205/GCA_007595205.1_ASM759520v1","ftp://ftp.ncbi.nlm.nih.gov/genomes/all/GCF/007/595/205/GCF_007595205.1_ASM759520v1"
"Shewanella sp. ALD9","Bacteria;Proteobacteria;Gammaproteobacteria","ALD9","SAMN08125743","PRJNA420923","GCA_002836315.1","Scaffold",4.94121,41.8,,"PJCD01",44,4179,"2017-12-12T00:00:00Z","ftp://ftp.ncbi.nlm.nih.gov/genomes/all/GCA/002/836/315/GCA_002836315.1_ASM283631v1","ftp://ftp.ncbi.nlm.nih.gov/genomes/all/GCF/002/836/315/GCF_002836315.1_ASM283631v1"
"Shewanella sp. UCD-FRSSP16_17","Bacteria;Proteobacteria;Gammaproteobacteria","UCD-FRSSP16_17","SAMN05172614","PRJNA322705","GCA_001675935.1","Contig",4.96018,40.7,,"LZFV01",50,4142,"2016-06-23T00:00:00Z","ftp://ftp.ncbi.nlm.nih.gov/genomes/all/GCA/001/675/935/GCA_001675935.1_ASM167593v1","ftp://ftp.ncbi.nlm.nih.gov/genomes/all/GCF/001/675/935/GCF_001675935.1_ASM167593v1"
"Shewanella algae","Bacteria;Proteobacteria;Gammaproteobacteria","SYC","SAMN04492220","PRJNA312015","GCA_008119825.1","Scaffold",4.77072,52.9,,"LVDC01",49,4152,"2019-08-27T00:00:00Z","ftp://ftp.ncbi.nlm.nih.gov/genomes/all/GCA/008/119/825/GCA_008119825.1_ASM811982v1","ftp://ftp.ncbi.nlm.nih.gov/genomes/all/GCF/008/119/825/GCF_008119825.1_ASM811982v1"
"Shewanella algae","Bacteria;Proteobacteria;Gammaproteobacteria","CSB04KR","SAMN05384438","PRJNA328548","GCA_001858195.1","Scaffold",4.80336,53,,"MBFW01",64,4158,"2016-11-01T00:00:00Z","ftp://ftp.ncbi.nlm.nih.gov/genomes/all/GCA/001/858/195/GCA_001858195.1_ASM185819v1","ftp://ftp.ncbi.nlm.nih.gov/genomes/all/GCF/001/858/195/GCF_001858195.1_ASM185819v1"
"Shewanella sp. R106","Bacteria;Proteobacteria;Gammaproteobacteria","R106","SAMN10397511","PRJNA504717","GCA_003797165.1","Scaffold",5.09425,42.1,,"RKKB01",53,4165,"2018-11-19T00:00:00Z","ftp://ftp.ncbi.nlm.nih.gov/genomes/all/GCA/003/797/165/GCA_003797165.1_ASM379716v1","ftp://ftp.ncbi.nlm.nih.gov/genomes/all/GCF/003/797/165/GCF_003797165.1_ASM379716v1"
"Shewanella sp. Shew256","Bacteria;Proteobacteria;Gammaproteobacteria","Shew256","SAMN06602701","PRJNA379161","GCA_002196695.1","Contig",5.34014,47.9,,"NAJR01",64,4635,"2017-06-16T00:00:00Z","ftp://ftp.ncbi.nlm.nih.gov/genomes/all/GCA/002/196/695/GCA_002196695.1_ASM219669v1","ftp://ftp.ncbi.nlm.nih.gov/genomes/all/GCF/002/196/695/GCF_002196695.1_ASM219669v1"
"Shewanella algae","Bacteria;Proteobacteria;Gammaproteobacteria","YTH","SAMN04492218","PRJNA312015","GCA_007636365.1","Scaffold",4.81183,53,,"LVDA01",52,4155,"2019-07-30T00:00:00Z","ftp://ftp.ncbi.nlm.nih.gov/genomes/all/GCA/007/636/365/GCA_007636365.1_ASM763636v1","ftp://ftp.ncbi.nlm.nih.gov/genomes/all/GCF/007/636/365/GCF_007636365.1_ASM763636v1"
"Shewanella algae","Bacteria;Proteobacteria;Gammaproteobacteria","SYT3","SAMN04492208","PRJNA312015","GCA_007595405.1","Scaffold",4.82342,53,,"LVDW01",80,4200,"2019-07-29T00:00:00Z","ftp://ftp.ncbi.nlm.nih.gov/genomes/all/GCA/007/595/405/GCA_007595405.1_ASM759540v1","ftp://ftp.ncbi.nlm.nih.gov/genomes/all/GCF/007/595/405/GCF_007595405.1_ASM759540v1"
"Shewanella sp. BF02_Schw","Bacteria;Proteobacteria;Gammaproteobacteria","BF02_Schw","SAMN14912739","PRJNA632589","GCA_014596695.1","Scaffold",5.30747,41.4,,"JABKAW01",40,4430,"2020-09-15T00:00:00Z","ftp://ftp.ncbi.nlm.nih.gov/genomes/all/GCA/014/596/695/GCA_014596695.1_ASM1459669v1","ftp://ftp.ncbi.nlm.nih.gov/genomes/all/GCF/014/596/695/GCF_014596695.1_ASM1459669v1"
"Shewanella sp. YLB-07","Bacteria;Proteobacteria;Gammaproteobacteria","YLB-07","SAMN12496319","PRJNA558678","GCA_009377275.1","Scaffold",7.29515,45.1,,"VOQB01",43,5921,"2019-10-28T00:00:00Z","ftp://ftp.ncbi.nlm.nih.gov/genomes/all/GCA/009/377/275/GCA_009377275.1_ASM937727v1","ftp://ftp.ncbi.nlm.nih.gov/genomes/all/GCF/009/377/275/GCF_009377275.1_ASM937727v1"
"Shewanella algae","Bacteria;Proteobacteria;Gammaproteobacteria","YTL","SAMN04492219","PRJNA312015","GCA_007636415.1","Scaffold",4.78583,52.9,,"LVDB01",60,4175,"2019-07-30T00:00:00Z","ftp://ftp.ncbi.nlm.nih.gov/genomes/all/GCA/007/636/415/GCA_007636415.1_ASM763641v1","ftp://ftp.ncbi.nlm.nih.gov/genomes/all/GCF/007/636/415/GCF_007636415.1_ASM763641v1"
"Shewanella algae","Bacteria;Proteobacteria;Gammaproteobacteria","ACCC","SAMN04492216","PRJNA312015","GCA_003025175.1","Scaffold",4.7448,53.1,,"LVCY01",74,4151,"2018-03-30T00:00:00Z","ftp://ftp.ncbi.nlm.nih.gov/genomes/all/GCA/003/025/175/GCA_003025175.1_ASM302517v1","ftp://ftp.ncbi.nlm.nih.gov/genomes/all/GCF/003/025/175/GCF_003025175.1_ASM302517v1"
"Shewanella sp. UCD-KL12","Bacteria;Proteobacteria;Gammaproteobacteria","UCD-KL12","SAMN06007749","PRJNA353005","GCA_001957125.1","Contig",5.69153,43.2,,"MPHJ01",61,4738,"2017-01-19T00:00:00Z","ftp://ftp.ncbi.nlm.nih.gov/genomes/all/GCA/001/957/125/GCA_001957125.1_ASM195712v1","ftp://ftp.ncbi.nlm.nih.gov/genomes/all/GCF/001/957/125/GCF_001957125.1_ASM195712v1"
"Shewanella sp. WXL01","Bacteria;Proteobacteria;Gammaproteobacteria","WXL01","SAMN14072280","PRJNA605584","GCA_012263345.1","Scaffold",4.70055,44.5,,"JAAIKQ01",37,3868,"2020-04-09T00:00:00Z","ftp://ftp.ncbi.nlm.nih.gov/genomes/all/GCA/012/263/345/GCA_012263345.1_ASM1226334v1","ftp://ftp.ncbi.nlm.nih.gov/genomes/all/GCF/012/263/345/GCF_012263345.1_ASM1226334v1"
"Shewanella algae","Bacteria;Proteobacteria;Gammaproteobacteria","SYT1","SAMN04492204","PRJNA312015","GCA_007595095.1","Contig",4.8146,53.1,,"LUCP01",103,4181,"2019-07-29T00:00:00Z","ftp://ftp.ncbi.nlm.nih.gov/genomes/all/GCA/007/595/095/GCA_007595095.1_ASM759509v1","ftp://ftp.ncbi.nlm.nih.gov/genomes/all/GCF/007/595/095/GCF_007595095.1_ASM759509v1"
"Shewanella algae","Bacteria;Proteobacteria;Gammaproteobacteria","JFC1","SAMN04492213","PRJNA312015","GCA_007860205.1","Scaffold",4.80334,53,,"LUJI01",91,4225,"2019-08-07T00:00:00Z","ftp://ftp.ncbi.nlm.nih.gov/genomes/all/GCA/007/860/205/GCA_007860205.1_ASM786020v1","ftp://ftp.ncbi.nlm.nih.gov/genomes/all/GCF/007/860/205/GCF_007860205.1_ASM786020v1"
"Shewanella sp. SG41-3","Bacteria;Proteobacteria;Gammaproteobacteria","SG41-3","SAMN15642141","PRJNA648432","GCA_014164545.1","Scaffold",4.61814,41.6,,"JACJFJ01",52,3832,"2020-08-11T00:00:00Z","ftp://ftp.ncbi.nlm.nih.gov/genomes/all/GCA/014/164/545/GCA_014164545.1_ASM1416454v1","ftp://ftp.ncbi.nlm.nih.gov/genomes/all/GCF/014/164/545/GCF_014164545.1_ASM1416454v1"
"Shewanella sp. SR43-8","Bacteria;Proteobacteria;Gammaproteobacteria","SR43-8","SAMN15642180","PRJNA648432","GCA_014163775.1","Scaffold",4.67328,41.6,,"JACJDX01",67,3919,"2020-08-11T00:00:00Z","ftp://ftp.ncbi.nlm.nih.gov/genomes/all/GCA/014/163/775/GCA_014163775.1_ASM1416377v1","ftp://ftp.ncbi.nlm.nih.gov/genomes/all/GCF/014/163/775/GCF_014163775.1_ASM1416377v1"
"Shewanella algae","Bacteria;Proteobacteria;Gammaproteobacteria","Sh392","SAMN08998681","PRJNA454118","GCA_003124085.1","Contig",4.79585,52.9,,"QFDC01",153,4198,"2018-05-14T00:00:00Z","ftp://ftp.ncbi.nlm.nih.gov/genomes/all/GCA/003/124/085/GCA_003124085.1_ASM312408v1","ftp://ftp.ncbi.nlm.nih.gov/genomes/all/GCF/003/124/085/GCF_003124085.1_ASM312408v1"
"Shewanella algae","Bacteria;Proteobacteria;Gammaproteobacteria","TYL","SAMN04492212","PRJNA312015","GCA_007636495.1","Contig",4.82172,53,,"LVDS01",100,4183,"2019-07-30T00:00:00Z","ftp://ftp.ncbi.nlm.nih.gov/genomes/all/GCA/007/636/495/GCA_007636495.1_ASM763649v1","ftp://ftp.ncbi.nlm.nih.gov/genomes/all/GCF/007/636/495/GCF_007636495.1_ASM763649v1"
"Shewanella sp. Iso12","Bacteria;Proteobacteria;Gammaproteobacteria","Iso12","SAMN14470214","PRJNA615879","GCA_012030025.1","Contig",4.97391,52.9,,"JAAUHW01",57,4353,"2020-04-04T00:00:00Z","ftp://ftp.ncbi.nlm.nih.gov/genomes/all/GCA/012/030/025/GCA_012030025.1_ASM1203002v1","ftp://ftp.ncbi.nlm.nih.gov/genomes/all/GCF/012/030/025/GCF_012030025.1_ASM1203002v1"
"Shewanella sp. SHSM-M6","Bacteria;Proteobacteria;Gammaproteobacteria","SHSM-M6","SAMN14490328","PRJNA616415","GCA_012911865.1","Contig",4.2452,55.7,,"JAAXYH01",39,3635,"2020-04-27T00:00:00Z","ftp://ftp.ncbi.nlm.nih.gov/genomes/all/GCA/012/911/865/GCA_012911865.1_ASM1291186v1","ftp://ftp.ncbi.nlm.nih.gov/genomes/all/GCF/012/911/865/GCF_012911865.1_ASM1291186v1"
"Shewanella algae","Bacteria;Proteobacteria;Gammaproteobacteria","BrY","SAMN05580110","PRJNA339142","GCA_001870495.1","Contig",4.54712,52.4,,"MDKA01",121,3988,"2016-11-07T00:00:00Z","ftp://ftp.ncbi.nlm.nih.gov/genomes/all/GCA/001/870/495/GCA_001870495.1_ASM187049v1","ftp://ftp.ncbi.nlm.nih.gov/genomes/all/GCF/001/870/495/GCF_001870495.1_ASM187049v1"
"Shewanella algae","Bacteria;Proteobacteria;Gammaproteobacteria","A3/19","SAMN15541815","PRJNA646377","GCA_014444625.1","Scaffold",4.94429,53.1,,"JACDTT01",276,4317,"2020-09-02T00:00:00Z","ftp://ftp.ncbi.nlm.nih.gov/genomes/all/GCA/014/444/625/GCA_014444625.1_ASM1444462v1","ftp://ftp.ncbi.nlm.nih.gov/genomes/all/GCF/014/444/625/GCF_014444625.1_ASM1444462v1"
"Shewanella sp. KCT","Bacteria;Proteobacteria;Gammaproteobacteria","KCT","SAMN04492225","PRJNA312015","GCA_007636505.1","Scaffold",4.79083,53.1,,"LVDJ01",40,4096,"2019-07-30T00:00:00Z","ftp://ftp.ncbi.nlm.nih.gov/genomes/all/GCA/007/636/505/GCA_007636505.1_ASM763650v1","ftp://ftp.ncbi.nlm.nih.gov/genomes/all/GCF/007/636/505/GCF_007636505.1_ASM763650v1"
"Shewanella sp. DNRA4","Bacteria;Proteobacteria;Gammaproteobacteria","DNRA4","SAMN14556209","PRJNA623646","GCA_012843185.1","Contig",4.67242,46.1,,"JABAIP01",64,3959,"2020-04-25T00:00:00Z","ftp://ftp.ncbi.nlm.nih.gov/genomes/all/GCA/012/843/185/GCA_012843185.1_ASM1284318v1","ftp://ftp.ncbi.nlm.nih.gov/genomes/all/GCF/012/843/185/GCF_012843185.1_ASM1284318v1"
"Shewanella algae","Bacteria;Proteobacteria;Gammaproteobacteria","MN-01","SAMN04009396","PRJNA293692","GCA_002237105.1","Scaffold",4.76513,53,,"LIRM01",102,4096,"2017-07-28T00:00:00Z","ftp://ftp.ncbi.nlm.nih.gov/genomes/all/GCA/002/237/105/GCA_002237105.1_ASM223710v1","ftp://ftp.ncbi.nlm.nih.gov/genomes/all/GCF/002/237/105/GCF_002237105.1_ASM223710v1"
"Shewanella algae","Bacteria;Proteobacteria;Gammaproteobacteria","CLS2","SAMN04492207","PRJNA312015","GCA_007595365.1","Contig",4.87873,52.9,,"LVDV01",115,4243,"2019-07-29T00:00:00Z","ftp://ftp.ncbi.nlm.nih.gov/genomes/all/GCA/007/595/365/GCA_007595365.1_ASM759536v1","ftp://ftp.ncbi.nlm.nih.gov/genomes/all/GCF/007/595/365/GCF_007595365.1_ASM759536v1"
"Shewanella sp. GutCb","Bacteria;Proteobacteria;Gammaproteobacteria","GutCb","SAMN08125761","PRJNA420923","GCA_002836135.1","Contig",5.15684,43.3953,"plasmid unnamed1:NZ_CM009122.1/CM009122.1","PJBL01",106,4326,"2017-12-12T00:00:00Z","ftp://ftp.ncbi.nlm.nih.gov/genomes/all/GCA/002/836/135/GCA_002836135.1_ASM283613v1","ftp://ftp.ncbi.nlm.nih.gov/genomes/all/GCF/002/836/135/GCF_002836135.1_ASM283613v1"
"Shewanella sp. S-1","Bacteria;Proteobacteria;Gammaproteobacteria","S-1","SAMN14596183","PRJNA625264","GCA_012584455.1","Scaffold",5.03599,45.3,,"JABAEB01",26,4307,"2020-04-20T00:00:00Z","ftp://ftp.ncbi.nlm.nih.gov/genomes/all/GCA/012/584/455/GCA_012584455.1_ASM1258445v1","ftp://ftp.ncbi.nlm.nih.gov/genomes/all/GCF/012/584/455/GCF_012584455.1_ASM1258445v1"
"Shewanella algae","Bacteria;Proteobacteria;Gammaproteobacteria","CLS1","SAMN04492203","PRJNA312015","GCA_007595085.1","Contig",4.88725,53,,"LTBI01",159,4327,"2019-07-29T00:00:00Z","ftp://ftp.ncbi.nlm.nih.gov/genomes/all/GCA/007/595/085/GCA_007595085.1_ASM759508v1","ftp://ftp.ncbi.nlm.nih.gov/genomes/all/GCF/007/595/085/GCF_007595085.1_ASM759508v1"
"Shewanella algae","Bacteria;Proteobacteria;Gammaproteobacteria","CLS3","SAMN04492209","PRJNA312015","GCA_007595375.1","Scaffold",4.60313,53.1,,"LVDX01",128,3978,"2019-07-29T00:00:00Z","ftp://ftp.ncbi.nlm.nih.gov/genomes/all/GCA/007/595/375/GCA_007595375.1_ASM759537v1","ftp://ftp.ncbi.nlm.nih.gov/genomes/all/GCF/007/595/375/GCF_007595375.1_ASM759537v1"
"Shewanella sp. SR43-4","Bacteria;Proteobacteria;Gammaproteobacteria","SR43-4","SAMN15642176","PRJNA648432","GCA_014163845.1","Scaffold",4.71391,41.6,,"JACJEB01",87,3935,"2020-08-11T00:00:00Z","ftp://ftp.ncbi.nlm.nih.gov/genomes/all/GCA/014/163/845/GCA_014163845.1_ASM1416384v1","ftp://ftp.ncbi.nlm.nih.gov/genomes/all/GCF/014/163/845/GCF_014163845.1_ASM1416384v1"
"Shewanella sp. cp20","Bacteria;Proteobacteria;Gammaproteobacteria","cp20","SAMN02904642","PRJNA242566","GCA_000832025.1","Contig",4.47455,53.1,,"JPII01",63,3705,"2015-02-03T00:00:00Z","ftp://ftp.ncbi.nlm.nih.gov/genomes/all/GCA/000/832/025/GCA_000832025.1_ASM83202v1","ftp://ftp.ncbi.nlm.nih.gov/genomes/all/GCF/000/832/025/GCF_000832025.1_ASM83202v1"
"Shewanella algae","Bacteria;Proteobacteria;Gammaproteobacteria","C6G3","SAMN02921234","PRJNA255462","GCA_000956365.1","Contig",4.87943,53.1,,"JPMA01",43,3160,"2015-03-19T00:00:00Z","ftp://ftp.ncbi.nlm.nih.gov/genomes/all/GCA/000/956/365/GCA_000956365.1_ASM95636v1","ftp://ftp.ncbi.nlm.nih.gov/genomes/all/GCF/000/956/365/GCF_000956365.1_ASM95636v1"
"Shewanella sp. SACH","Bacteria;Proteobacteria;Gammaproteobacteria","SACH","SAMN05990718","PRJNA352664","GCA_001887095.2","Scaffold",4.91908,46.5,,"MPDG02",49,4073,"2016-11-28T00:00:00Z","ftp://ftp.ncbi.nlm.nih.gov/genomes/all/GCA/001/887/095/GCA_001887095.2_ASM188709v2","ftp://ftp.ncbi.nlm.nih.gov/genomes/all/GCF/001/887/095/GCF_001887095.2_ASM188709v2"
"Shewanella sp. UCD-KL21","Bacteria;Proteobacteria;Gammaproteobacteria","UCD-KL21","SAMN06007764","PRJNA353007","GCA_001957135.1","Contig",4.59877,42,,"MPHK01",84,3757,"2017-01-19T00:00:00Z","ftp://ftp.ncbi.nlm.nih.gov/genomes/all/GCA/001/957/135/GCA_001957135.1_ASM195713v1","ftp://ftp.ncbi.nlm.nih.gov/genomes/all/GCF/001/957/135/GCF_001957135.1_ASM195713v1"
"Shewanella sp. XMDDZSB0408","Bacteria;Proteobacteria;Gammaproteobacteria","XMDDZSB0408","SAMN13189474","PRJNA587374","GCA_009647595.1","Scaffold",3.9918,41.4,,"WJHV01",38,3237,"2019-11-10T00:00:00Z","ftp://ftp.ncbi.nlm.nih.gov/genomes/all/GCA/009/647/595/GCA_009647595.1_ASM964759v1","ftp://ftp.ncbi.nlm.nih.gov/genomes/all/GCF/009/647/595/GCF_009647595.1_ASM964759v1"
"Shewanella sp. BC20","Bacteria;Proteobacteria;Gammaproteobacteria","BC20","SAMN07156272","PRJNA387523","GCA_003129585.1","Contig",4.77298,48,,"NHRI01",54,4064,"2018-05-14T00:00:00Z","ftp://ftp.ncbi.nlm.nih.gov/genomes/all/GCA/003/129/585/GCA_003129585.1_ASM312958v1","ftp://ftp.ncbi.nlm.nih.gov/genomes/all/GCF/003/129/585/GCF_003129585.1_ASM312958v1"
"Shewanella sp. MSW","Bacteria;Proteobacteria;Gammaproteobacteria","MSW","SAMN04492233","PRJNA312015","GCA_007636515.1","Scaffold",4.49746,52.2,,"LVDR01",39,3885,"2019-07-30T00:00:00Z","ftp://ftp.ncbi.nlm.nih.gov/genomes/all/GCA/007/636/515/GCA_007636515.1_ASM763651v1","ftp://ftp.ncbi.nlm.nih.gov/genomes/all/GCF/007/636/515/GCF_007636515.1_ASM763651v1"
"Shewanella sp. OPT22","Bacteria;Proteobacteria;Gammaproteobacteria","OPT22","SAMN08037991","PRJNA418784","GCA_004168585.1","Scaffold",4.42515,39.6,,"PGVH01",69,3800,"2019-02-12T00:00:00Z","ftp://ftp.ncbi.nlm.nih.gov/genomes/all/GCA/004/168/585/GCA_004168585.1_ASM416858v1","ftp://ftp.ncbi.nlm.nih.gov/genomes/all/GCF/004/168/585/GCF_004168585.1_ASM416858v1"
"Shewanella sp. HN-41","Bacteria;Proteobacteria;Gammaproteobacteria","HN-41","SAMN02469863","PRJNA66317","GCA_000217915.2","Contig",4.41403,46.5,,"AFOZ01",47,3605,"2011-06-10T00:00:00Z","ftp://ftp.ncbi.nlm.nih.gov/genomes/all/GCA/000/217/915/GCA_000217915.2_ASM21791v1","ftp://ftp.ncbi.nlm.nih.gov/genomes/all/GCF/000/217/915/GCF_000217915.1_ASM21791v1"
"Shewanella sp. ECSMB14101","Bacteria;Proteobacteria;Gammaproteobacteria","ECSMB14101","SAMN03140421","PRJNA264758","GCA_000773485.1","Contig",4.26807,49.8,,"JSFF01",81,3648,"2014-11-07T00:00:00Z","ftp://ftp.ncbi.nlm.nih.gov/genomes/all/GCA/000/773/485/GCA_000773485.1_ASM77348v1","ftp://ftp.ncbi.nlm.nih.gov/genomes/all/GCF/000/773/485/GCF_000773485.1_ASM77348v1"
"Shewanella sp. P1-14-1","Bacteria;Proteobacteria;Gammaproteobacteria","P1-14-1","SAMN04043846","PRJNA294442","GCA_001401775.1","Contig",4.91642,40.8,,"LKTL01",150,4124,"2015-10-21T00:00:00Z","ftp://ftp.ncbi.nlm.nih.gov/genomes/all/GCA/001/401/775/GCA_001401775.1_ASM140177v1","ftp://ftp.ncbi.nlm.nih.gov/genomes/all/GCF/001/401/775/GCF_001401775.1_ASM140177v1"
"Shewanella sp. Bg11-22","Bacteria;Proteobacteria;Gammaproteobacteria","Bg11-22","SAMN08125747","PRJNA420923","GCA_002836615.1","Contig",5.03025,43.5,,"PJAZ01",76,4239,"2017-12-12T00:00:00Z","ftp://ftp.ncbi.nlm.nih.gov/genomes/all/GCA/002/836/615/GCA_002836615.1_ASM283661v1","ftp://ftp.ncbi.nlm.nih.gov/genomes/all/GCF/002/836/615/GCF_002836615.1_ASM283661v1"
"Shewanella sp. DW31","Bacteria;Proteobacteria;Gammaproteobacteria","DW31","SAMN13879934","PRJNA601996","GCA_015767295.2","Contig",4.94218,45.8,,"JADWMP02",64,0,"2020-12-05T00:00:00Z","ftp://ftp.ncbi.nlm.nih.gov/genomes/all/GCA/015/767/295/GCA_015767295.2_ASM1576729v2","ftp://ftp.ncbi.nlm.nih.gov/genomes/all/GCF/015/767/295/GCF_015767295.1_ASM1576729v2"
"Shewanella sp. 38A_GOM-205m","Bacteria;Proteobacteria;Gammaproteobacteria","38A_GOM-205m","SAMN02584982","PRJNA213750","GCA_000518445.1","Scaffold",4.73935,53.1,,"JADP01",57,4138,"2014-01-10T00:00:00Z","ftp://ftp.ncbi.nlm.nih.gov/genomes/all/GCA/000/518/445/GCA_000518445.1_ASM51844v1","ftp://ftp.ncbi.nlm.nih.gov/genomes/all/GCF/000/518/445/GCF_000518445.1_ASM51844v1"
"Shewanella sp. SE1","Bacteria;Proteobacteria;Gammaproteobacteria","SE1","SAMN13940140","PRJNA603676","GCA_010214955.1","Contig",4.53202,52.2,,"JAAEJW01",119,3907,"2020-02-05T00:00:00Z","ftp://ftp.ncbi.nlm.nih.gov/genomes/all/GCA/010/214/955/GCA_010214955.1_ASM1021495v1","ftp://ftp.ncbi.nlm.nih.gov/genomes/all/GCF/010/214/955/GCF_010214955.1_ASM1021495v1"
"Shewanella sp. SG44-2","Bacteria;Proteobacteria;Gammaproteobacteria","SG44-2","SAMN15642156","PRJNA648432","GCA_014164215.1","Scaffold",4.67903,41.4,,"JACJEU01",132,3928,"2020-08-11T00:00:00Z","ftp://ftp.ncbi.nlm.nih.gov/genomes/all/GCA/014/164/215/GCA_014164215.1_ASM1416421v1","ftp://ftp.ncbi.nlm.nih.gov/genomes/all/GCF/014/164/215/GCF_014164215.1_ASM1416421v1"
"Shewanella sp. 10N.286.48.A6","Bacteria;Proteobacteria;Gammaproteobacteria","10N.286.48.A6","SAMN05418159","PRJNA328102","GCA_002873135.1","Scaffold",4.64992,41.6,,"MCVI01",104,3812,"2018-01-11T00:00:00Z","ftp://ftp.ncbi.nlm.nih.gov/genomes/all/GCA/002/873/135/GCA_002873135.1_ASM287313v1","ftp://ftp.ncbi.nlm.nih.gov/genomes/all/GCF/002/873/135/GCF_002873135.1_ASM287313v1"
"Shewanella sp. 10N.286.52.C2","Bacteria;Proteobacteria;Gammaproteobacteria","10N.286.52.C2","SAMN05418198","PRJNA328102","GCA_002874545.1","Scaffold",4.54742,41.7,,"MCTV01",88,3734,"2018-01-11T00:00:00Z","ftp://ftp.ncbi.nlm.nih.gov/genomes/all/GCA/002/874/545/GCA_002874545.1_ASM287454v1","ftp://ftp.ncbi.nlm.nih.gov/genomes/all/GCF/002/874/545/GCF_002874545.1_ASM287454v1"
"Shewanella sp. ECSMB14102","Bacteria;Proteobacteria;Gammaproteobacteria","ECSMB14102","SAMN03252485","PRJNA269200","GCA_000813075.1","Contig",4.41244,52.2,,"JWGX01",154,3818,"2015-01-02T00:00:00Z","ftp://ftp.ncbi.nlm.nih.gov/genomes/all/GCA/000/813/075/GCA_000813075.1_ASM81307v1","ftp://ftp.ncbi.nlm.nih.gov/genomes/all/GCF/000/813/075/GCF_000813075.1_ASM81307v1"
"Shewanella sp. SR44-3","Bacteria;Proteobacteria;Gammaproteobacteria","SR44-3","SAMN15642182","PRJNA648432","GCA_014163735.1","Scaffold",4.0411,44.3,,"JACJDV01",166,3456,"2020-08-11T00:00:00Z","ftp://ftp.ncbi.nlm.nih.gov/genomes/all/GCA/014/163/735/GCA_014163735.1_ASM1416373v1","ftp://ftp.ncbi.nlm.nih.gov/genomes/all/GCF/014/163/735/GCF_014163735.1_ASM1416373v1"
"Shewanella sp. 10N.286.51.B7","Bacteria;Proteobacteria;Gammaproteobacteria","10N.286.51.B7","SAMN05418188","PRJNA328102","GCA_002873615.1","Scaffold",4.86107,40.6,,"MCUF01",108,3984,"2018-01-11T00:00:00Z","ftp://ftp.ncbi.nlm.nih.gov/genomes/all/GCA/002/873/615/GCA_002873615.1_ASM287361v1","ftp://ftp.ncbi.nlm.nih.gov/genomes/all/GCF/002/873/615/GCF_002873615.1_ASM287361v1"
"Shewanella sp. SR44-4","Bacteria;Proteobacteria;Gammaproteobacteria","SR44-4","SAMN15642183","PRJNA648432","GCA_014163715.1","Scaffold",5.01173,41.4,,"JACJDU01",209,4210,"2020-08-11T00:00:00Z","ftp://ftp.ncbi.nlm.nih.gov/genomes/all/GCA/014/163/715/GCA_014163715.1_ASM1416371v1","ftp://ftp.ncbi.nlm.nih.gov/genomes/all/GCF/014/163/715/GCF_014163715.1_ASM1416371v1"
"Shewanella sp. LC6","Bacteria;Proteobacteria;Gammaproteobacteria","LC6","SAMN12056290","PRJNA547647","GCA_006385735.1","Contig",5.34301,46.2,,"VFSK01",134,4601,"2019-06-23T00:00:00Z","ftp://ftp.ncbi.nlm.nih.gov/genomes/all/GCA/006/385/735/GCA_006385735.1_ASM638573v1","ftp://ftp.ncbi.nlm.nih.gov/genomes/all/GCF/006/385/735/GCF_006385735.1_ASM638573v1"
"Shewanella sp. LC2","Bacteria;Proteobacteria;Gammaproteobacteria","LC2","SAMN12056291","PRJNA547647","GCA_006385775.1","Contig",5.35569,46.2,,"VFSJ01",147,4614,"2019-06-23T00:00:00Z","ftp://ftp.ncbi.nlm.nih.gov/genomes/all/GCA/006/385/775/GCA_006385775.1_ASM638577v1","ftp://ftp.ncbi.nlm.nih.gov/genomes/all/GCF/006/385/775/GCF_006385775.1_ASM638577v1"
"Shewanella sp. 10N.286.48.B5","Bacteria;Proteobacteria;Gammaproteobacteria","10N.286.48.B5","SAMN05418161","PRJNA328102","GCA_002874355.1","Scaffold",4.7135,41.5,,"MCVG01",181,3886,"2018-01-11T00:00:00Z","ftp://ftp.ncbi.nlm.nih.gov/genomes/all/GCA/002/874/355/GCA_002874355.1_ASM287435v1","ftp://ftp.ncbi.nlm.nih.gov/genomes/all/GCF/002/874/355/GCF_002874355.1_ASM287435v1"
"Shewanella sp. TC10","Bacteria;Proteobacteria;Gammaproteobacteria","TC10","SAMN12259770","PRJNA553705","GCA_009663145.1","Contig",4.99057,40.5,,"VKHR01",129,4107,"2019-11-14T00:00:00Z","ftp://ftp.ncbi.nlm.nih.gov/genomes/all/GCA/009/663/145/GCA_009663145.1_ASM966314v1","ftp://ftp.ncbi.nlm.nih.gov/genomes/all/GCF/009/663/145/GCF_009663145.1_ASM966314v1"
"Shewanella sp. Sh95","Bacteria;Proteobacteria;Gammaproteobacteria","Sh95","SAMN03892644","PRJNA290501","GCA_001308045.1","Contig",4.82087,46.3,,"LGYY01",289,4025,"2015-10-07T00:00:00Z","ftp://ftp.ncbi.nlm.nih.gov/genomes/all/GCA/001/308/045/GCA_001308045.1_ASM130804v1","ftp://ftp.ncbi.nlm.nih.gov/genomes/all/GCF/001/308/045/GCF_001308045.1_ASM130804v1"
"Shewanella sp. POL2","Bacteria;Proteobacteria;Gammaproteobacteria","POL2","SAMN02469948","PRJNA169039","GCA_000282755.1","Contig",4.91395,46.2,,"AKZL01",242,4123,"2012-07-30T00:00:00Z","ftp://ftp.ncbi.nlm.nih.gov/genomes/all/GCA/000/282/755/GCA_000282755.1_ASM28275v1","ftp://ftp.ncbi.nlm.nih.gov/genomes/all/GCF/000/282/755/GCF_000282755.1_ASM28275v1"
"Shewanella sp. 10N.286.52.B9","Bacteria;Proteobacteria;Gammaproteobacteria","10N.286.52.B9","SAMN05418195","PRJNA328102","GCA_002873635.1","Scaffold",4.68844,41.6,,"MCTY01",238,3823,"2018-01-11T00:00:00Z","ftp://ftp.ncbi.nlm.nih.gov/genomes/all/GCA/002/873/635/GCA_002873635.1_ASM287363v1","ftp://ftp.ncbi.nlm.nih.gov/genomes/all/GCF/002/873/635/GCF_002873635.1_ASM287363v1"
"Shewanella sp. ZOR0012","Bacteria;Proteobacteria;Gammaproteobacteria","ZOR0012","SAMN03021526","PRJNA205575","GCA_000798835.1","Scaffold",4.9532,46,,"JTLE01",94,4227,"2014-12-08T00:00:00Z","ftp://ftp.ncbi.nlm.nih.gov/genomes/all/GCA/000/798/835/GCA_000798835.1_ZOR0012.1","ftp://ftp.ncbi.nlm.nih.gov/genomes/all/GCF/000/798/835/GCF_000798835.1_ZOR0012.1"
"Shewanella sp. GutDb-MelDb","Bacteria;Proteobacteria;Gammaproteobacteria","GutDb-MelDb","SAMN08125762","PRJNA420923","GCA_002836075.1","Contig",4.99473,43.5027,"plasmid unnamed1:NZ_CM009123.1/CM009123.1","PJBM01",265,4223,"2017-12-12T00:00:00Z","ftp://ftp.ncbi.nlm.nih.gov/genomes/all/GCA/002/836/075/GCA_002836075.1_ASM283607v1","ftp://ftp.ncbi.nlm.nih.gov/genomes/all/GCF/002/836/075/GCF_002836075.1_ASM283607v1"
"Shewanella sp. SG44-6","Bacteria;Proteobacteria;Gammaproteobacteria","SG44-6","SAMN15642159","PRJNA648432","GCA_014164185.1","Scaffold",5.05339,41.5,,"JACJER01",404,4263,"2020-08-11T00:00:00Z","ftp://ftp.ncbi.nlm.nih.gov/genomes/all/GCA/014/164/185/GCA_014164185.1_ASM1416418v1","ftp://ftp.ncbi.nlm.nih.gov/genomes/all/GCF/014/164/185/GCF_014164185.1_ASM1416418v1"
"Shewanella sp. SG41-4","Bacteria;Proteobacteria;Gammaproteobacteria","SG41-4","SAMN15642142","PRJNA648432","GCA_014164505.1","Scaffold",5.00328,41.2,,"JACJFI01",808,4296,"2020-08-11T00:00:00Z","ftp://ftp.ncbi.nlm.nih.gov/genomes/all/GCA/014/164/505/GCA_014164505.1_ASM1416450v1","ftp://ftp.ncbi.nlm.nih.gov/genomes/all/GCF/014/164/505/GCF_014164505.1_ASM1416450v1"
"Shewanella sp. 11B5","Bacteria;Proteobacteria;Gammaproteobacteria","11B5","SAMN08125733","PRJNA420923","GCA_002836795.1","Contig",4.25295,41.5977,"plasmid unnamed1:NZ_CM009108.1/CM009108.1","PJAP01",1135,3788,"2017-12-12T00:00:00Z","ftp://ftp.ncbi.nlm.nih.gov/genomes/all/GCA/002/836/795/GCA_002836795.1_ASM283679v1","ftp://ftp.ncbi.nlm.nih.gov/genomes/all/GCF/002/836/795/GCF_002836795.1_ASM283679v1"
"Shewanella sp. JCM 19057","Bacteria;Proteobacteria;Gammaproteobacteria","JCM 19057","SAMD00000388","PRJDB1629","GCA_001310535.1","Contig",4.89958,53.1,,"BAXN01",78,0,"2015-10-01T00:00:00Z","ftp://ftp.ncbi.nlm.nih.gov/genomes/all/GCA/001/310/535/GCA_001310535.1_ASM131053v1","ftp://ftp.ncbi.nlm.nih.gov/genomes/all/GCF/001/310/535/GCF_001310535.1_ASM131053v1"
"Shewanella sp. CG12_big_fil_rev_8_21_14_0_65_47_15","Bacteria;Proteobacteria;Gammaproteobacteria","CG12_big_fil_rev_8_21_14_0_65_47_15","SAMN06659564","PRJNA362739","GCA_002783505.1","Scaffold",4.71738,46.9,,"PFGL01",72,3960,"2017-11-16T00:00:00Z","ftp://ftp.ncbi.nlm.nih.gov/genomes/all/GCA/002/783/505/GCA_002783505.1_ASM278350v1",
"Shewanella sp.","Bacteria;Proteobacteria;Gammaproteobacteria","NORP143","SAMN07568957","PRJNA391950","GCA_002732765.1","Contig",2.30868,45.6,,"NVSK01",47,1911,"2017-10-26T00:00:00Z","ftp://ftp.ncbi.nlm.nih.gov/genomes/all/GCA/002/732/765/GCA_002732765.1_ASM273276v1",
"Shewanella sp.","Bacteria;Proteobacteria;Gammaproteobacteria","DT_112","SAMN14675800","PRJNA482655","GCA_013214165.1","Scaffold",4.80522,46.1,,"JABSSM01",181,3966,"2020-06-02T00:00:00Z","ftp://ftp.ncbi.nlm.nih.gov/genomes/all/GCA/013/214/165/GCA_013214165.1_ASM1321416v1",
"Shewanella sp.","Bacteria;Proteobacteria;Gammaproteobacteria","UBA12176","SAMN08017605","PRJNA417962","GCA_003517635.1","Scaffold",4.29384,52,,"DPAE01",149,3877,"2018-09-10T00:00:00Z","ftp://ftp.ncbi.nlm.nih.gov/genomes/all/GCA/003/517/635/GCA_003517635.1_ASM351763v1",
"Shewanella sp.","Bacteria;Proteobacteria;Gammaproteobacteria","HS_Bin2","SAMN13964428","PRJNA552185","GCA_015163755.1","Contig",2.41375,39.5,,"JAAOIN01",348,2161,"2020-11-01T00:00:00Z","ftp://ftp.ncbi.nlm.nih.gov/genomes/all/GCA/015/163/755/GCA_015163755.1_ASM1516375v1",
"Shewanella sp.","Bacteria;Proteobacteria;Gammaproteobacteria","Glo_26","SAMN08108717","PRJNA415343","GCA_003353675.1","Contig",4.88312,41.2,,"PIWH01",1103,0,"2018-08-02T00:00:00Z","ftp://ftp.ncbi.nlm.nih.gov/genomes/all/GCA/003/353/675/GCA_003353675.1_ASM335367v1",
"Shewanella sp.","Bacteria;Proteobacteria;Gammaproteobacteria","MAG-BB-1","SAMN10805735","PRJNA510104","GCA_004195335.1","Contig",5.93655,45.5,,"SDWK01",1061,0,"2019-02-15T00:00:00Z","ftp://ftp.ncbi.nlm.nih.gov/genomes/all/GCA/004/195/335/GCA_004195335.1_ASM419533v1",
"Shewanella sp.","Bacteria;Proteobacteria;Gammaproteobacteria","UBA8824","SAMN08018431","PRJNA417962","GCA_003486485.1","Scaffold",4.56777,43.4,,"DNHG01",416,4438,"2018-09-06T00:00:00Z","ftp://ftp.ncbi.nlm.nih.gov/genomes/all/GCA/003/486/485/GCA_003486485.1_ASM348648v1",
"Shewanella sp.","Bacteria;Proteobacteria;Gammaproteobacteria","CSH_ALOHA_XIX_Bin_2","SAMN11163850","PRJNA482655","GCA_004566245.1","Contig",1.59854,46.1,,"SPLD01",402,0,"2019-04-02T00:00:00Z","ftp://ftp.ncbi.nlm.nih.gov/genomes/all/GCA/004/566/245/GCA_004566245.1_ASM456624v1",
"Shewanella sp. SR41-2","Bacteria;Proteobacteria;Gammaproteobacteria","SR41-2","SAMN15642167","PRJNA648432","GCA_014164055.1","Contig",3.31378,41.9,,"JACJEJ01",1458,3569,"2020-08-11T00:00:00Z","ftp://ftp.ncbi.nlm.nih.gov/genomes/all/GCA/014/164/055/GCA_014164055.1_ASM1416405v1",
"Shewanella putrefaciens CN-32","Bacteria;Proteobacteria;Gammaproteobacteria","CN-32","SAMN00623063","PRJNA13393","GCA_000016585.1","Complete",4.65922,44.5,"chromosome:NC_009438.1/CP000681.1",,1,3944,"2007-04-20T00:00:00Z","ftp://ftp.ncbi.nlm.nih.gov/genomes/all/GCA/000/016/585/GCA_000016585.1_ASM1658v1","ftp://ftp.ncbi.nlm.nih.gov/genomes/all/GCF/000/016/585/GCF_000016585.1_ASM1658v1"
"Shewanella algae","Bacteria;Proteobacteria;Gammaproteobacteria","RQs-106","SAMN13381317","PRJNA591395","GCA_009730655.1","Complete",4.99003,53,"chromosome:NZ_CP046378.1/CP046378.1",,1,4277,"2019-12-05T00:00:00Z","ftp://ftp.ncbi.nlm.nih.gov/genomes/all/GCA/009/730/655/GCA_009730655.1_ASM973065v1","ftp://ftp.ncbi.nlm.nih.gov/genomes/all/GCF/009/730/655/GCF_009730655.1_ASM973065v1"
"Shewanella algae","Bacteria;Proteobacteria;Gammaproteobacteria","KC-Na-R1","SAMN10373660","PRJNA503779","GCA_003721455.1","Complete",5.20344,52.7683,"chromosome:NZ_CP033575.1/CP033575.1; plasmid pKC-Na-R1:NZ_CP033574.1/CP033574.1",,2,4508,"2018-11-12T00:00:00Z","ftp://ftp.ncbi.nlm.nih.gov/genomes/all/GCA/003/721/455/GCA_003721455.1_ASM372145v1","ftp://ftp.ncbi.nlm.nih.gov/genomes/all/GCF/003/721/455/GCF_003721455.1_ASM372145v1"
"Shewanella putrefaciens","Bacteria;Proteobacteria;Gammaproteobacteria","ATCC 8071","SAMN17120581","PRJNA686146","GCA_016406325.1","Complete",4.38633,44.4,"chromosome:NZ_CP066370.1/CP066370.1",,1,3697,"2020-12-27T00:00:00Z","ftp://ftp.ncbi.nlm.nih.gov/genomes/all/GCA/016/406/325/GCA_016406325.1_ASM1640632v1","ftp://ftp.ncbi.nlm.nih.gov/genomes/all/GCF/016/406/325/GCF_016406325.1_ASM1640632v1"
"Shewanella baltica OS195","Bacteria;Proteobacteria;Gammaproteobacteria","OS195","SAMN00623061","PRJNA13389","GCA_000018765.1","Complete",5.54754,46.1909,"chromosome:NC_009997.1/CP000891.1; plasmid pS19501:NC_009998.1/CP000892.1; plasmid pS19502:NC_009999.1/CP000893.1; plasmid pS19503:NC_010000.1/CP000894.1",,4,4627,"2007-11-21T00:00:00Z","ftp://ftp.ncbi.nlm.nih.gov/genomes/all/GCA/000/018/765/GCA_000018765.1_ASM1876v1","ftp://ftp.ncbi.nlm.nih.gov/genomes/all/GCF/000/018/765/GCF_000018765.1_ASM1876v1"
"Shewanella baltica OS117","Bacteria;Proteobacteria;Gammaproteobacteria","OS117","SAMN00713637","PRJNA49451","GCA_000215895.1","Complete",5.52602,45.9893,"chromosome:NC_017579.1/CP002811.1; plasmid pSBAL11701:NC_017577.1/CP002812.1; plasmid pSBAL11702:NC_017580.1/CP002813.1; plasmid pSBAL11703:NC_017578.1/CP002814.1",,4,4556,"2011-06-06T00:00:00Z","ftp://ftp.ncbi.nlm.nih.gov/genomes/all/GCA/000/215/895/GCA_000215895.1_ASM21589v1","ftp://ftp.ncbi.nlm.nih.gov/genomes/all/GCF/000/215/895/GCF_000215895.1_ASM21589v1"
"Shewanella putrefaciens","Bacteria;Proteobacteria;Gammaproteobacteria","NCTC12093","SAMEA3724093","PRJEB6403","GCA_900636665.1","Complete",5.0494,47.9,"chromosome 1:NZ_LR134303.1/LR134303.1",,1,4209,"2018-12-19T00:00:00Z","ftp://ftp.ncbi.nlm.nih.gov/genomes/all/GCA/900/636/665/GCA_900636665.1_43781_G01","ftp://ftp.ncbi.nlm.nih.gov/genomes/all/GCF/900/636/665/GCF_900636665.1_43781_G01"
"Shewanella algae","Bacteria;Proteobacteria;Gammaproteobacteria","2NE11","SAMN15232066","PRJNA547647","GCA_014263185.1","Complete",5.03081,53,"chromosome:NZ_CP055159.1/CP055159.1",,1,4288,"2020-08-21T00:00:00Z","ftp://ftp.ncbi.nlm.nih.gov/genomes/all/GCA/014/263/185/GCA_014263185.1_ASM1426318v1","ftp://ftp.ncbi.nlm.nih.gov/genomes/all/GCF/014/263/185/GCF_014263185.1_ASM1426318v1"
"Shewanella algae","Bacteria;Proteobacteria;Gammaproteobacteria","VGH117","SAMN08166472","PRJNA507868","GCA_014702225.1","Complete",4.7968,53.1,"chromosome:NZ_CP034246.1/CP034246.1",,1,4110,"2020-09-22T00:00:00Z","ftp://ftp.ncbi.nlm.nih.gov/genomes/all/GCA/014/702/225/GCA_014702225.1_ASM1470222v1","ftp://ftp.ncbi.nlm.nih.gov/genomes/all/GCF/014/702/225/GCF_014702225.1_ASM1470222v1"
"Shewanella putrefaciens 200","Bacteria;Proteobacteria;Gammaproteobacteria","200","SAMN00632276","PRJNA13392","GCA_000169215.2","Complete",4.84025,44.5,"chromosome:NC_017566.1/CP002457.1",,1,4145,"2011-01-18T00:00:00Z","ftp://ftp.ncbi.nlm.nih.gov/genomes/all/GCA/000/169/215/GCA_000169215.2_ASM16921v2","ftp://ftp.ncbi.nlm.nih.gov/genomes/all/GCF/000/169/215/GCF_000169215.2_ASM16921v2"
"Shewanella baltica OS223","Bacteria;Proteobacteria;Gammaproteobacteria","OS223","SAMN00623062","PRJNA17985","GCA_000021665.1","Complete",5.35888,46.2523,"chromosome:NC_011663.1/CP001252.1; plasmid pS22301:NC_011664.1/CP001253.1; plasmid pS22302:NC_011668.1/CP001254.1; plasmid pS22303:NC_011665.1/CP001255.1",,4,4378,"2008-12-15T00:00:00Z","ftp://ftp.ncbi.nlm.nih.gov/genomes/all/GCA/000/021/665/GCA_000021665.1_ASM2166v1","ftp://ftp.ncbi.nlm.nih.gov/genomes/all/GCF/000/021/665/GCF_000021665.1_ASM2166v1"
"Shewanella putrefaciens","Bacteria;Proteobacteria;Gammaproteobacteria","FDAARGOS_681","SAMN11056396","PRJNA231221","GCA_009730575.1","Complete",4.65962,44.5,"chromosome:NZ_CP046329.1/CP046329.1",,1,3940,"2019-12-05T00:00:00Z","ftp://ftp.ncbi.nlm.nih.gov/genomes/all/GCA/009/730/575/GCA_009730575.1_ASM973057v1","ftp://ftp.ncbi.nlm.nih.gov/genomes/all/GCF/009/730/575/GCF_009730575.1_ASM973057v1"
"Shewanella algae","Bacteria;Proteobacteria;Gammaproteobacteria","CCU101","SAMN06099076","PRJNA356098","GCA_003427415.1","Complete",4.91934,53.0677,"chromosome:NZ_CP018456.1/CP018456.1; plasmid unnamed:NZ_CP018457.1/CP018457.1",,2,3987,"2018-08-24T00:00:00Z","ftp://ftp.ncbi.nlm.nih.gov/genomes/all/GCA/003/427/415/GCA_003427415.1_ASM342741v1","ftp://ftp.ncbi.nlm.nih.gov/genomes/all/GCF/003/427/415/GCF_003427415.1_ASM342741v1"
"Shewanella algae","Bacteria;Proteobacteria;Gammaproteobacteria","18064-CSB-B-B","SAMN13381879","PRJNA591450","GCA_009846595.1","Complete",4.90387,53.0421,"chromosome:NZ_CP047422.1/CP047422.1; plasmid p18064-65-CSB-B-B:NZ_CP047421.1/CP047421.1",,2,4227,"2020-01-10T00:00:00Z","ftp://ftp.ncbi.nlm.nih.gov/genomes/all/GCA/009/846/595/GCA_009846595.1_ASM984659v1","ftp://ftp.ncbi.nlm.nih.gov/genomes/all/GCF/009/846/595/GCF_009846595.1_ASM984659v1"
"Shewanella putrefaciens","Bacteria;Proteobacteria;Gammaproteobacteria","CGMCC-1.6515","SAMN17120582","PRJNA686146","GCA_016406305.1","Complete",4.5754,47,"chromosome:NZ_CP066369.1/CP066369.1",,1,3810,"2020-12-27T00:00:00Z","ftp://ftp.ncbi.nlm.nih.gov/genomes/all/GCA/016/406/305/GCA_016406305.1_ASM1640630v1","ftp://ftp.ncbi.nlm.nih.gov/genomes/all/GCF/016/406/305/GCF_016406305.1_ASM1640630v1"
"Shewanella baltica OS155","Bacteria;Proteobacteria;Gammaproteobacteria","OS155","SAMN02598299","PRJNA13386","GCA_000015845.1","Complete",5.3429,46.2451,"chromosome:NC_009052.1/CP000563.1; plasmid pSbal01:NC_009035.1/CP000564.1; plasmid pSbal02:NC_009036.1/CP000565.1; plasmid pSbal03:NC_009037.1/CP000566.1; plasmid pSbal04:NC_009038.1/CP000567.1",,5,4352,"2007-02-20T00:00:00Z","ftp://ftp.ncbi.nlm.nih.gov/genomes/all/GCA/000/015/845/GCA_000015845.1_ASM1584v1","ftp://ftp.ncbi.nlm.nih.gov/genomes/all/GCF/000/015/845/GCF_000015845.1_ASM1584v1"
"Shewanella baltica BA175","Bacteria;Proteobacteria;Gammaproteobacteria","BA175","SAMN00016994","PRJNA49719","GCA_000147735.3","Complete",5.1994,46.1333,"chromosome:NC_017571.1/CP002767.1; plasmid pSBAL17501:NC_017570.1/CP002768.1; plasmid pSBAL17502:NC_017572.1/CP002769.1",,3,4274,"2011-05-24T00:00:00Z","ftp://ftp.ncbi.nlm.nih.gov/genomes/all/GCA/000/147/735/GCA_000147735.3_ASM14773v3","ftp://ftp.ncbi.nlm.nih.gov/genomes/all/GCF/000/147/735/GCF_000147735.2_ASM14773v3"
"Shewanella putrefaciens","Bacteria;Proteobacteria;Gammaproteobacteria","WS13","SAMN08180388","PRJNA422021","GCA_003044255.1","Complete",4.38446,44.4,"chromosome:NZ_CP028435.1/CP028435.1",,1,3227,"2018-04-08T00:00:00Z","ftp://ftp.ncbi.nlm.nih.gov/genomes/all/GCA/003/044/255/GCA_003044255.1_ASM304425v1","ftp://ftp.ncbi.nlm.nih.gov/genomes/all/GCF/003/044/255/GCF_003044255.1_ASM304425v1"
"Shewanella putrefaciens JCM 20190 = NBRC 3908","Bacteria;Proteobacteria;Gammaproteobacteria","JCM 20190","SAMD00004020","PRJDB632","GCA_000615005.1","Contig",4.32798,44.3,,"BALN01",49,3080,"2014-03-31T21:10:00Z","ftp://ftp.ncbi.nlm.nih.gov/genomes/all/GCA/000/615/005/GCA_000615005.1_ASM61500v1","ftp://ftp.ncbi.nlm.nih.gov/genomes/all/GCF/000/615/005/GCF_000615005.1_ASM61500v1"
"Shewanella algae JCM 21037 = NBRC 103173","Bacteria;Proteobacteria;Gammaproteobacteria","NBRC 103173","SAMD00046904","PRJDB416","GCA_001598875.1","Contig",4.81725,53.1,,"BCZT01",143,4198,"2016-03-11T00:00:00Z","ftp://ftp.ncbi.nlm.nih.gov/genomes/all/GCA/001/598/875/GCA_001598875.1_ASM159887v1","ftp://ftp.ncbi.nlm.nih.gov/genomes/all/GCF/001/598/875/GCF_001598875.1_ASM159887v1"
"Shewanella putrefaciens JCM 20190 = NBRC 3908","Bacteria;Proteobacteria;Gammaproteobacteria","NBRC 3908","SAMD00046716","PRJDB463","GCA_001591325.1","Contig",4.33612,44.3,,"BCUO01",84,3679,"2016-02-23T00:00:00Z","ftp://ftp.ncbi.nlm.nih.gov/genomes/all/GCA/001/591/325/GCA_001591325.1_ASM159132v1","ftp://ftp.ncbi.nlm.nih.gov/genomes/all/GCF/001/591/325/GCF_001591325.1_ASM159132v1"
"Shewanella algae JCM 21037 = NBRC 103173","Bacteria;Proteobacteria;Gammaproteobacteria","JCM 21037","SAMD00015726","PRJDB633","GCA_000615045.1","Contig",4.82769,53,,"BALO01",108,3436,"2014-03-31T21:14:00Z","ftp://ftp.ncbi.nlm.nih.gov/genomes/all/GCA/000/615/045/GCA_000615045.1_ASM61504v1","ftp://ftp.ncbi.nlm.nih.gov/genomes/all/GCF/000/615/045/GCF_000615045.1_ASM61504v1"
"Shewanella algae JCM 14758","Bacteria;Proteobacteria;Gammaproteobacteria","JCM 14758","SAMD00004655","PRJDB630","GCA_000614935.1","Contig",4.92992,52.9,,"BALL01",125,0,"2014-03-31T21:17:00Z","ftp://ftp.ncbi.nlm.nih.gov/genomes/all/GCA/000/614/935/GCA_000614935.1_ASM61493v1","ftp://ftp.ncbi.nlm.nih.gov/genomes/all/GCF/000/614/935/GCF_000614935.1_ASM61493v1"
